time,LE_F_MDS,LE_F_MDS_QC,H_F_MDS,H_F_MDS_QC,NEE_VUT_REF,NEE_VUT_REF_QC,GPP_NT_VUT_REF,GPP_DT_VUT_REF,RECO_NT_VUT_REF,RECO_DT_VUT_REF,NDVI_Landsat5,NDVI_Landsat7,NDVI_Landsat8,NDVI_MODIS,NDVI_Sentinel2,EVI_Landsat5,EVI_Landsat7,EVI_Landsat8,EVI_MODIS,EVI_Sentinel2,NIRv_Landsat5,NIRv_Landsat7,NIRv_Landsat8,NIRv_MODIS,NIRv_Sentinel2,kNDVI_Landsat5,kNDVI_Landsat7,kNDVI_Landsat8,kNDVI_MODIS,kNDVI_Sentinel2,temperature_2m,soil_temperature_level_1,volumetric_soil_water_layer_1,surface_solar_radiation_downwards_sum,surface_thermal_radiation_downwards_sum,surface_net_radiation_sum,surface_pressure,total_precipitation_sum,VPD,co2,FAPAR_MODIS_PROD,C3_LUE,IWUE,C4_LUE,C4_RATIO,KOPPEN,DEM,YEAR,MONTH,LAT,LON,FAPAR_Landsat5,FAPAR_Landsat7,FAPAR_Landsat8,FAPAR_MODIS,FAPAR_Sentinel2,IGBP,El-Nino-La-Nina,GPPm,RECOm,NEEm,LEm
2000-01-01,1.644792870967742,1.0,-17.636658193548392,1.0,2.165212290322581,0.9946236774193549,0.3793953161290324,0.6429192580645161,2.5497732258064514,3.0487387096774192,,,,,,,,,,,,,,,,,,,,,4.176893633488901,3.917933144120316,0.2744201762826173,29.829301380893757,297.1809797993373,-8.377571526673298,1022.546039538509,0.001487674817278527,1.0962652145366965,,,,,0.052269553490045036,13.165573536134064,15.0,13.48312370239969,2000,1,51.30761,4.51984,,,,,,5,-1,,,,
2000-02-01,2.836705093103448,0.9698275862068966,-36.09225227586207,0.9798850344827585,1.6836570344827588,0.9784482413793103,0.9205336068965518,1.3496137241379311,2.597907241379311,3.5542931034482765,,0.6628926581003662,,0.5626233100442161,,,0.25687005788209893,,0.26005395210341803,,,0.10569807743423307,,0.10714909945348837,,,0.4131796282420549,,0.30638054185201896,,5.8262999808340625,5.505612151498974,0.29289117350058447,64.73335581404721,290.410328332656,7.414383144931656,1017.4252102190181,0.0033108654475517596,1.7587692991833122,,,,,0.09335552027205668,13.165573536134064,15.0,13.48312370239969,2000,2,51.30761,4.51984,,0.19608757235262367,,0.20006744012927252,,5,-1,,0.9868992743207907,,1.397861999132385
2000-03-01,4.576342677419355,0.9973118387096774,-11.623558064516127,1.0,0.9877747612903225,0.9831989354838709,1.7106835483870968,2.0772542903225806,2.7300832258064522,3.37274064516129,,,,0.5570757198687011,,,,,0.24378428898467233,,,,,0.0991186246322085,,,,,0.3007554102047322,,7.077301103540695,7.170736476566252,0.2742140323377475,88.04616069168347,308.58049229481185,36.37193054921891,1018.4037416669845,0.002031983004671054,1.9014025522222826,,,,,0.1228636169869347,13.165573536134064,15.0,13.48312370239969,2000,3,51.30761,4.51984,,,,0.1797303612308404,,5,-1,,0.9299386299995154,,12.13834458522536
2000-04-01,16.15973,0.06805556666666666,36.39540833333334,1.0,0.3473982666666667,0.9770833666666667,3.170582666666667,3.5991903333333326,3.5611126666666664,4.0217410000000005,0.5719828494532828,,,0.609354530239706,,0.24881366494421225,,,0.27896077097542993,,0.10108483051192685,,,0.11791614327214663,,0.3159705496278848,,,0.3560176671438939,,10.016931042149894,10.223953695115227,0.26061784525913,167.88338108617026,309.5936314144531,88.06437349687039,1005.8875017237916,0.002249057762715487,3.2778707817728594,,,,,0.18658762032588058,13.165573536134064,15.0,13.48312370239969,2000,4,51.30761,4.51984,0.1860170811802653,,,0.2237009637192874,,5,-1,,1.6333197310418488,,39.13402733094388
2000-05-01,32.44183903225806,0.16129035483870968,25.879392903225806,1.0,-0.4350410161290323,0.5262096451612903,6.232734193548386,7.189166451612902,5.587763870967741,7.807751612903226,0.5840550110940815,0.4812139326679782,,0.748369487716205,,0.2649031452302396,0.2367425017310737,,0.42274809314115736,,0.10959698987556056,0.09984418344304033,,0.20160062934302578,,0.32847714573794595,0.2612436079368903,,0.5078872936018602,,14.892397455658928,15.414989279668946,0.25905082934244805,206.7872811713309,336.3949867188913,119.0453607930393,1013.2434959551831,0.003228980719832279,4.405757175014611,,,,,0.27490940777298933,13.165573536134064,15.0,13.48312370239969,2000,5,51.30761,4.51984,0.20612893153779951,0.17092812716384212,,0.4034351164264467,,5,-1,,4.635072548140354,,80.86022902484667
2000-06-01,45.05701366666667,0.9840277666666667,49.79749433333333,0.9930556,-1.9498412000000005,0.9770833,7.887700999999998,8.591786666666668,5.768265333333333,6.658534333333334,,,,0.7466276696058026,,,,,0.43857147487862197,,,,,0.21182587590722396,,,,,0.5060550832362415,,16.26908253795818,16.939532835980653,0.21601901900594342,229.05089228956226,339.0108160001246,131.65066213854723,1018.1205747088068,0.0021661878739589664,5.459975805305183,,,,,0.2959257722791593,13.165573536134064,15.0,13.48312370239969,2000,6,51.30761,4.51984,,,,0.4232143435982774,,5,-1,,5.27604000315826,,91.88176874812504
2000-07-01,38.70914516129032,1.0,9.157438387096771,0.9993279677419354,-1.6647090912903224,0.9939516129032258,7.002195483870968,7.349250967741936,5.279733870967742,5.661338387096776,0.6854275231945791,,,0.7118009921115588,,0.32084787378939594,,,0.40904263335888286,,0.14018009231791823,,,0.19371391773537563,,0.4380465044549619,,,0.4673726118253017,,15.473499557529856,16.00562484106458,0.27366096864088973,164.25643457227585,352.74964362788563,96.62409129574266,1011.2875730701459,0.005148302567275153,3.2819929246423687,,,,,0.2839911822274497,13.165573536134064,15.0,13.48312370239969,2000,7,51.30761,4.51984,0.2760598422367449,,,0.38630329169860356,,5,-1,,4.541491201331024,,61.70974148082628
2000-08-01,44.07666451612905,1.0,33.935457096774186,1.0,-1.6407466967741935,0.9852150645161291,7.308816129032259,7.891603548387097,5.495200967741934,6.0074961290322575,0.6477042220802731,0.732210164349295,,0.7594851453186456,,0.33726804842982994,0.33875958279470814,,0.409040199321262,,0.15023430088881884,0.15041897952798283,,0.19242350220917612,,0.3967316274225465,0.49005414820962734,,0.520333383239361,,17.646476044375635,18.237099955635276,0.23652423714042875,193.8805361185027,346.97812697328703,104.65640699890346,1015.979738969542,0.0017787602979639791,4.642733009376978,,,,,0.3152239542194507,13.165573536134064,15.0,13.48312370239969,2000,8,51.30761,4.51984,0.2965850605372874,0.29844947849338516,,0.38630024915157757,,5,-1,,5.023226865964717,,76.57962626251168
2000-09-01,26.031164,0.9986111,4.7370905,0.9986111,0.3508107366666666,0.9902778,4.727545000000001,5.240657000000001,4.871926333333334,5.917915333333332,0.7337060175797283,0.7031493043275566,,0.7458073870138565,,0.32010495030668024,0.2820130868239813,,0.37058238242759084,,0.1399745210429546,0.11914896575394082,,0.1690113301279703,,0.49171864344864175,0.4577166448804073,,0.5051591072049413,,16.24588956602115,16.30635938232108,0.2455563337495163,113.28833104381589,352.5319778775407,53.831360250718745,1011.527871703493,0.0022912888262593273,3.756312333885667,,,,,0.29558601799664064,13.165573536134064,15.0,13.48312370239969,2000,9,51.30761,4.51984,0.2751311878833503,0.22751635852997662,,0.3382279780344885,,5,-1,,3.974941640943825,,36.74097474915407
2000-10-01,17.33205870967742,1.0,-21.47053419354839,1.0,1.335204870967742,1.0,2.5166919258064517,2.9269545161290322,3.8894219354838713,4.430538387096775,,,,0.6369233681809326,,,,,0.26971621006429375,,,,,0.11331795789716635,,,,,0.38613826018960334,,11.669334136251843,11.798028561022454,0.27440455785465234,67.87447367052337,326.5246097881442,15.881877896493128,1009.1764535095789,0.0029404212798662464,2.649118916016256,,,,,0.21894924126455081,13.165573536134064,15.0,13.48312370239969,2000,10,51.30761,4.51984,,,,0.21214526258036717,,5,-1,,1.7097827224736941,,6.8349926430183725
2000-11-01,6.994355,1.0,-26.21422876666667,1.0,2.0624499666666667,0.9993055666666667,1.0713884666666667,1.4739136666666666,3.1324240000000003,4.003884,,,,0.6231163819725553,,,,,0.24533979597991115,,,,,0.10012496643402224,,,,,0.3699916596471973,,7.802657729580142,7.690170096683122,0.29589020631235713,37.894898310574874,304.12253099326597,-10.879536999258391,1001.0440269297137,0.0032361738248585454,1.698619950625333,,,,,0.13931963192170588,13.165573536134064,15.0,13.48312370239969,2000,11,51.30761,4.51984,,,,0.18167474497488895,,5,-1,,1.0132583701205582,,-1.2759441823175859
2000-12-01,3.3818757419354837,0.9993279677419354,-26.906609516129038,0.9993279677419354,1.9291946451612907,0.9966398064516129,0.8454303935483872,0.6334378935483871,2.8019245161290316,2.7470780000000006,,,,0.4996479649760515,,,,,0.16838107341866412,,,,,0.06259441920369026,,,,,0.25025996787014804,,5.383450926756488,5.401002974557268,0.28602258640196904,26.558454964218043,293.7767119296307,-20.065419625874092,1007.0306184772792,0.0022902015181296147,1.594387536161305,,,,,0.08256788670660602,13.165573536134064,15.0,13.48312370239969,2000,12,51.30761,4.51984,,,,0.08547634177333015,,5,-1,,0.08150092473192133,,-1.2759441823175859
2001-01-01,,,,,,,,,,,0.26173869189937476,0.517784610873104,,0.5809214142892862,,0.14746187710272243,0.24228611084039536,,0.20314584718159487,,0.0565370755777489,0.10122561572906066,,0.07845596103686638,,0.06840017042330034,0.2773522166120077,,0.3252615206629836,,2.9298091556220736,2.634575868815551,0.2928163283534426,34.868580059857834,281.26273677349957,-13.235578591258731,1009.9310297776783,0.003197586846659657,1.0449348631085007,,,,,0.019558870610059315,13.165573536134064,15.0,13.48312370239969,2001,1,51.30761,4.51984,0.059327346378403034,0.1778576385504942,,0.1289323089769936,,5,0,,0.24569239474574414,,-1.2759441823175859
2001-02-01,9.175723392857142,0.0,-20.421248571428574,0.8668154392857143,1.2549198785714288,0.0,0.3316247071428572,1.3512522142857144,1.6034903214285716,1.851100714285714,,,,0.4173539019466623,,,,,0.16659663113066556,,,,,0.06539420971326651,,,,,0.21052707017974,,4.68654580402047,4.427724250868623,0.2857183240548299,60.85755514937737,295.4165373019212,12.903751470441767,1015.9998429502423,0.002711623516372614,1.4191763018145633,,,,,0.0652295142803899,13.165573536134064,15.0,13.48312370239969,2001,2,51.30761,4.51984,,,,0.08324578891333194,,5,0,,0.1005413252656485,,1.414291360776177
2001-03-01,11.786972806451612,0.4630376451612903,-5.1926810967741925,0.9993279677419354,0.727793106451613,0.11155916129032258,0.9354188032258064,1.6406973870967736,1.7031194193548391,1.9761429032258062,,,,0.5224266654975146,,,,,0.2194941131025082,,,,,0.08852957069933175,,,,,0.28715849454520814,,5.8148431248238,5.665018658704744,0.2941725655758019,81.69853293372549,305.826978705363,33.72969907320232,1003.273498143078,0.0032932768800637362,1.626451267321042,,,,,0.09307868831259182,13.165573536134064,15.0,13.48312370239969,2001,3,51.30761,4.51984,,,,0.14936764137813524,,5,0,,0.6169444519000068,,9.53561355072149
2001-04-01,21.123297333333333,0.9944444666666666,10.367761833333333,0.9944444666666666,-0.32348600000000005,0.9909722333333334,2.5549430000000006,3.0361339999999997,2.2162193333333335,3.1167876666666663,,,,0.5883096317645297,,,,,0.22180186753364398,,,,,0.08801091749414906,,,,,0.3329202441260667,,8.20787780157186,8.596678736231745,0.28903863323310136,159.4846240659683,302.84161114228704,83.10910315188154,1010.8489083172652,0.003394716056309872,2.520929735903503,,,,,0.1483039655993199,13.165573536134064,15.0,13.48312370239969,2001,4,51.30761,4.51984,,,,0.15225233441705496,,5,0,,0.784371581726024,,33.162356740853966
2001-05-01,32.56752129032259,0.9952957096774193,49.77890322580645,0.9946236774193549,-1.4923548967741938,0.9905914193548387,5.401878709677421,5.475633870967742,3.8638245161290325,4.035369999999999,0.4538584886255247,0.6331809925588742,,0.7113444862149079,,0.23188460354205415,0.28134716756720773,,0.4030982721377428,,0.10058709312510064,0.1185955569385148,,0.189967093646871,,0.20329621145492585,0.38116508650863,,0.4668595779009188,,14.170549188835293,14.639316715941877,0.20707683424433287,232.43812381038575,320.3659692406441,128.49302864933378,1016.2380219013049,0.0009495427027539324,5.134432270222948,,,,,0.2631992964533013,13.165573536134064,15.0,13.48312370239969,2001,5,51.30761,4.51984,0.16485575442756767,0.22668395945900965,,0.3788728401721785,,5,0,,4.145074737698932,,80.11191009487409
2001-06-01,41.41281,1.0,35.19434213333333,0.9979167,-2.7532317333333336,0.9819444666666667,6.9780506666666655,7.164598999999998,4.118717333333334,4.740726666666666,0.6805463662141796,,,0.7912715579793249,,0.34285158962243967,,,0.46297713040447525,,0.15294958470263148,,,0.22699616344435916,,0.43264266644780514,,,0.5552741833846699,,15.314177528698098,16.060666903794367,0.179303572692186,217.2377734991894,333.973631175957,121.67065753471186,1015.4202052543006,0.00208081433506133,5.8130657132863535,,,,,0.2815318405724504,13.165573536134064,15.0,13.48312370239969,2001,6,51.30761,4.51984,0.30356448702804956,,,0.453721413005594,,5,0,,5.474335159763181,,90.0484203094819
2001-07-01,41.87004612903226,0.9993279677419354,35.44687032258066,0.9993279677419354,-2.052939903225806,0.9939516129032258,6.886502258064515,6.671508064516128,4.8124638709677425,4.485407419354838,0.6568558221273225,0.7389529810932661,,0.7514597361284746,,0.3979732767264034,0.3761176023801291,,0.440696021931401,,0.18854724301767462,0.1723412828809031,,0.21358676504353102,,0.4065403715323143,0.49754345599937433,,0.5117351110840446,,18.699722127084677,19.334980590304827,0.2100221242621885,213.12024754263064,357.6138034198013,123.47210364001867,1012.6060217064161,0.00295478896926839,5.957381880469315,,,,,0.32881378170923287,13.165573536134064,15.0,13.48312370239969,2001,7,51.30761,4.51984,0.37246659590800424,0.3451470029751613,,0.4258700274142513,,5,0,,5.9991387823575435,,91.03239960095664
2001-08-01,39.28174741935485,0.9993279677419354,21.35396341935484,0.9993279677419354,-1.795893580645162,0.9885752580645161,6.638316129032258,6.428187419354839,4.8251303225806454,4.54041322580645,,0.7716143085754723,,0.7951338457003756,,,0.3888791778208408,,0.45364999268172246,,,0.18007845235304212,,0.22039799881531658,,,0.5337496456435451,,0.5595687008283434,,18.89670756650246,19.369100954758625,0.21869475842299071,183.34846868098543,358.1530636446603,100.53970411581756,1013.7364015505356,0.0027509206148088367,5.756564190563718,,,,,0.33124319664347907,13.165573536134064,15.0,13.48312370239969,2001,8,51.30761,4.51984,,0.36109897227605103,,0.4420624908521531,,5,0,,6.285773676417727,,80.12735982703795
2001-09-01,19.235588166666666,0.9854166666666667,-21.76410566666667,1.0,-0.9639466666666665,0.9715278,4.065841033333332,4.645472,3.1440686666666666,3.6787396666666674,0.28389017649996034,0.6640391490151782,,0.7763721324665996,,0.15552170799241552,0.29035023825258266,,0.3978438059895746,,0.05951267533169427,0.12376104749970229,,0.18573520148507996,,0.08041959030839825,0.41601247461415114,,0.5389270090601835,,13.380309193826225,13.887022704110471,0.277068108452691,111.39991230603553,336.9995849123954,51.4467590447065,1010.8403894607751,0.004777270937101575,2.701473489105594,,,,,0.24983508400217547,13.165573536134064,15.0,13.48312370239969,2001,9,51.30761,4.51984,0.06940213499051939,0.23793779781572832,,0.37230475748696823,,5,0,,3.864533937454533,,34.81140911078989
2001-10-01,14.023768709677423,0.9966397741935483,-15.54645487096774,0.9966397741935483,0.473495408064516,0.9946236451612903,2.653913903225807,2.852913129032259,3.1586032258064507,3.667134193548387,0.5465480668759253,0.5664930137960009,,0.7273717575351232,,0.23505953806646154,0.27584980362216005,,0.3584061926914399,,0.09690497910386674,0.11583088397565705,,0.16207223375122226,,0.3041428316377057,0.310333433500058,,0.48469588641395167,,14.497198180779382,14.25370089676264,0.2659969974856326,78.28599429582029,335.00267071295383,19.00968824457177,1013.1739491313077,0.002014898210623784,3.119603906932594,,,,,0.26855716499300786,13.165573536134064,15.0,13.48312370239969,2001,10,51.30761,4.51984,0.16882442258307692,0.21981225452770006,,0.32300774086429995,,5,0,,3.429484140698224,,11.231075185492898
2001-11-01,3.9113911033333344,1.0,-16.386096499999997,1.0,1.1073968233333333,0.9965277666666666,0.9593971733333333,1.2474406333333337,2.0395073333333333,2.6431213333333328,,0.5590549442768944,,0.718538763539818,,,0.20899210449930067,,0.29634615064007275,,,0.08410299375803934,,0.1271576993113544,,,0.3166954409046931,,0.4748662011084948,,6.928781384614653,7.178035514959919,0.2794202158892595,38.243408130689616,310.12233053934403,-1.7673494033831871,1020.653385317388,0.0027223293960708357,1.3892105003799187,,,,,0.11943502565445188,13.165573536134064,15.0,13.48312370239969,2001,11,51.30761,4.51984,,0.13624013062412582,,0.24543268830009093,,5,0,,1.4988256233630397,,-1.2759441823175859
2001-12-01,1.6413671096774194,0.967741935483871,-30.80766887096774,0.9979838709677419,1.3876843225806452,0.9469085483870967,0.25449691774193556,0.593846129032258,1.618636,2.025349806451613,,,,0.6046596737728333,,,,,0.23909159153786783,,,,,0.09895291288737094,,,,,0.37466491829087983,,2.7166388027372492,2.932746732738055,0.2853473566336417,25.7163738840013,282.61588948460104,-19.17251841424578,1021.5792258429385,0.0020645713073692887,0.951563107322375,,,,,0.013825592763923398,13.165573536134064,15.0,13.48312370239969,2001,12,51.30761,4.51984,,,,0.1738644894223348,,5,0,,0.5920121746524586,,-1.2759441823175859
2002-01-01,2.4776335806451617,0.8501344419354839,-26.229811419354846,0.9737903225806451,1.179279129032258,0.8481183,0.4223948161290323,0.5309258387096774,1.6635687096774194,1.8026355483870964,,,,0.5212995041144395,,,,,0.19702745053875448,,,,,0.07830111242463422,,,,,0.2970241816919835,,4.4814985294202625,3.851006552011588,0.28219512390471496,32.214926058675154,296.4046593815997,-8.471349769407938,1020.2629109749416,0.0023387409222911473,1.2683671750516547,,,,,0.060043828398505195,13.165573536134064,15.0,13.48312370239969,2002,1,51.30761,4.51984,,,,0.1212843131734431,,5,2,,0.3325975387149282,,-1.2759441823175859
2002-02-01,9.033707500000002,0.9851190357142857,-35.20864928571429,0.9873511785714285,1.0701683464285714,0.9747023571428571,0.8149713482142856,1.594056964285714,1.8903842857142863,3.6762075000000003,0.2812553297056455,,,0.6699925320384071,,0.16671924476231323,,,0.24409905192907103,,0.06952077237249912,,,0.09939228990210024,,0.10532136436387031,,,0.42113013707231106,,7.10502400145494,6.728689639406566,0.2987736475312864,64.36203163914273,298.0399714183835,8.559330225337124,1009.3746289747361,0.004624647550281552,2.249989989813737,,,,,0.12350137568268509,13.165573536134064,15.0,13.48312370239969,2002,2,51.30761,4.51984,0.08339905595289153,,,0.18012381491133878,,5,2,,0.9379779813731696,,2.882462655771351
2002-03-01,10.125662451612904,0.9966398064516129,8.141748096774196,0.9973118387096774,0.15870159677419357,0.9704301290322581,2.038275290322581,2.7232884838709683,2.525630322580646,3.526200645161291,,0.6001059300161449,,0.6127182069541931,,,0.26402372748180336,,0.25273913942483295,,,0.10928049169430604,,0.10329356317425616,,,0.34634253628483747,,0.35888126668556336,,7.458646830888814,7.530002472132589,0.2686373246152431,117.09199673755673,294.5364171318923,45.80383233719723,1016.2065056545163,0.0015521848866125358,2.3721541762894547,,,,,0.13157492129771978,13.165573536134064,15.0,13.48312370239969,2002,3,51.30761,4.51984,,0.2050296593522542,,0.19092392428104119,,5,2,,1.0505857369722624,,18.468688950519308
2002-04-01,16.121377666666667,0.9944444666666666,28.999959333333326,1.0,-0.3516593392000001,0.9937500333333333,3.093677433333333,3.4366693333333327,2.8335803333333325,3.1439363333333334,,0.5219525200030135,,0.6004297483037131,,,0.2578545784579682,,0.2930967140250781,,,0.10820507571881932,,0.12529914869359587,,,0.2717117817888942,,0.34572779621548666,,9.472385728615517,9.919012052953386,0.2073506429867043,177.63568986001994,294.5192717061042,84.91540123718697,1014.1642945489174,0.001576420737962555,3.603785491349088,,,,,0.1753776561454832,13.165573536134064,15.0,13.48312370239969,2002,4,51.30761,4.51984,,0.19731822307246027,,0.2413708925313476,,5,2,,1.7425061542336135,,36.29337693141096
2002-05-01,26.338403548387095,0.9932795806451613,28.255148819354844,0.9959677741935484,-1.294104516129032,0.9879032580645162,4.786929677419356,5.022776451612904,3.4710335483870978,3.8172690322580656,,0.49234466914230507,,0.7200629818075379,,,0.2831611453764637,,0.41260771529593127,,,0.12280591509917942,,0.19636077512598135,,,0.23776445308357358,,0.47679490536557395,,13.60263548927139,13.927911923813342,0.24131235472164433,191.56508061544352,328.15102972376076,105.74399250200983,1011.6864506355554,0.0023589637007054988,4.052285170339219,,,,,0.2536525228811592,13.165573536134064,15.0,13.48312370239969,2002,5,51.30761,4.51984,,0.2289514317205796,,0.39075964411991404,,5,2,,4.198569072514976,,65.98930828266973
2002-06-01,31.332449666666665,0.9986111,32.45799566666666,0.9986111,-2.07837645,0.9958333333333333,5.796702333333333,6.8766663333333335,3.717228333333334,4.775844000000001,,0.6535408436442567,,0.7657800225928465,,,0.3275677351112697,,0.46778564044539767,,,0.14459191192475465,,0.23088088613874155,,,0.4029297679308768,,0.5272922934426302,,16.775730086047183,17.277620026773548,0.2140173739552095,213.7456538570893,345.83693877774647,123.33973839179815,1013.899919170897,0.002252218940854548,5.257620151729087,,,,,0.30322530974924977,13.165573536134064,15.0,13.48312370239969,2002,6,51.30761,4.51984,,0.2844596688890871,,0.45973205055674704,,5,2,,5.99805144076696,,89.97054467979295
2002-07-01,31.768358387096775,0.9932795806451613,22.526299683870967,0.9952957419354839,-2.055910870967742,0.9838709677419355,6.447663548387096,6.760347096774193,4.410164516129032,5.099559354838711,,0.7612789496192639,,0.7308160039990946,,,0.36603121038137326,,0.4305322671479771,,,0.16625455372121772,,0.2072016706298908,,,0.5223351123145749,,0.48858370548800345,,17.666602537499607,18.10610681403088,0.22320234210661827,193.1236409290033,357.99664116644334,113.53438243718993,1012.9141433315215,0.002752580263080088,4.959079837461519,,0.6907097327119825,,,0.3154931195799436,13.165573536134064,15.0,13.48312370239969,2002,7,51.30761,4.51984,,0.3325390129767165,,0.4131653339349714,,5,2,,5.501778208841536,,78.88658943083634
2002-08-01,31.164813548387098,0.9744623870967742,20.641673322580647,0.9993279677419354,-1.965904258064516,0.9778225806451613,5.7735993548387095,6.8573183870967735,3.849034838709678,4.7761848387096775,,0.5821152765824045,,0.75357744065994,,,0.23588979881828714,,0.4228445905341391,,,0.09442323918411671,,0.2013269278360889,,,0.3264576579796737,,0.5137908049367721,,18.620315712789612,19.226691026344717,0.23994679524842327,162.96648123755472,364.2207901290382,89.93726233542787,1013.3512409525144,0.0040764231724449195,4.482286964655678,,0.4480845251486421,,,0.32782446177579166,13.165573536134064,15.0,13.48312370239969,2002,8,51.30761,4.51984,,0.16986224852285892,,0.4035557381676738,,5,2,,5.56788094474538,,66.12331748745588
2002-09-01,25.545553333333327,0.9729166666666667,12.829484089999998,1.0,-0.9453453833333331,0.9388888666666666,4.442002666666666,4.719882666666668,3.492008333333333,4.660044999999999,,0.6000192000520673,,0.7466998306714543,,,0.3097456338432557,,0.3753510905843021,,,0.13864657939691988,,0.17188299972910467,,,0.35926101352972667,,0.5061605360735983,,14.81133303964869,15.277951184701903,0.22188628626351395,127.36904941208071,333.9135343795983,54.60068672742428,1017.917407293398,0.00129684272486634,3.793142187274727,,0.6389304461942257,,,0.27361802403370383,13.165573536134064,15.0,13.48312370239969,2002,9,51.30761,4.51984,,0.2621820423040696,,0.34418886323037756,,5,2,,3.768015246523408,,36.21658074626637
2002-10-01,12.007757741935489,0.9831989677419355,-15.627622903225804,1.0,0.4100641967741936,0.9717742580645162,2.1787859032258057,2.5396118387096767,2.5828141935483875,3.4204474193548378,,0.5188744679960239,,0.6987590212603461,,,0.19726618689924058,,0.3372178326182167,,,0.07521482473704376,,0.14972169015493747,,,0.2629088678631785,,0.4529294415840633,,10.692294217007387,10.940920710020317,0.24185071175580322,77.41570078338455,316.4312063294233,18.747783488725002,1009.8166606005873,0.001819324388679797,2.6012995619124997,,0.530028125928602,,,0.20011507737055959,13.165573536134064,15.0,13.48312370239969,2002,10,51.30761,4.51984,,0.12158273362405073,,0.29652229077277087,,5,2,,2.4783274847425556,,9.390255808312384
2002-11-01,4.413944776666668,0.7381944233333333,-15.860247999999997,1.0,1.4767942666666667,0.7194444333333333,0.8597112766666665,1.0785891666666665,2.317466666666667,2.7349003333333335,,0.24602670485955386,,0.6200890681385824,,,0.11876548494361693,,0.2329542266795725,,,0.048306984414456536,,0.09399482125222232,,,0.13004236608093625,,0.3682879109664891,,8.513883661828796,8.468774110068326,0.2883702104613434,40.76681929978797,312.30646642146763,-4.414847013011092,1005.8039316250832,0.0034756485927294606,1.313173916849948,,0.3084548500319081,,,0.15498937543859215,13.165573536134064,15.0,13.48312370239969,2002,11,51.30761,4.51984,,0.02345685617952115,,0.1661927833494656,,5,2,,0.9406558479028143,,-1.2759441823175859
2002-12-01,2.159257548387097,0.7741935806451613,-16.798093225806454,0.7896505483870968,1.2228731290322583,0.8084677096774193,0.5215412645161291,0.21255699935483874,1.750849193548387,2.007155193548387,,,,0.5730972062199048,,,,,0.2150340190814823,,,,,0.08426281216396193,,,,,0.3187475913650542,,3.9776699833327176,4.0732699365533325,0.2879658422369617,22.74867149451504,300.2261753523888,-11.455539290667659,1013.3682192465862,0.0037289753275904303,1.0005536042832444,,0.25814101524489125,,,0.04713912098709982,13.165573536134064,15.0,13.48312370239969,2002,12,51.30761,4.51984,,,,0.14379252385185287,,5,2,,0.4125306364949061,,-1.2759441823175859
2003-01-01,,,,,,,,,,,,0.6214266657920288,,0.5565422159923189,,,0.25490175266479326,,0.21013946637701403,,,0.10431125850225358,,0.0815813877497873,,,0.36805468224234966,,0.3003019666716072,,2.5291471156781262,2.59267344447752,0.28156205949713925,35.40007593769233,278.9606249909488,-13.894206119795792,1013.8100531436039,0.0023590157733526635,1.1439058333381469,388.49108298867816,0.30829593450072357,0.21974106856221984,72.42876046005468,0.008748711078900894,13.165573536134064,15.0,13.48312370239969,2003,1,51.30761,4.51984,,0.19362719083099156,,0.13767433297126752,,5,0,-1.5324812545962547,0.2776143679079356,1.8100956225041904,-1.2759441823175859
2003-02-01,,,,,,,,,,,,0.5153701556001389,,0.5275335772846238,,,0.2239076231903484,,0.20593575084521454,,,0.08889585567422098,,0.07943125668865943,,,0.2633860062538555,,0.2714251111669182,,2.192696710258961,1.9447389129080364,0.26304841917257227,86.34752372785394,258.7792993043864,11.119268301132598,1019.1279059540715,0.000879879507906476,1.59040566831708,399.2702708552753,0.45430912757748665,0.21558884794063987,84.25912612404706,0.0,13.165573536134064,15.0,13.48312370239969,2003,2,51.30761,4.51984,,0.1548845289879355,,0.13241968855651817,,5,0,-0.7346212906445235,0.22165462687210655,0.9562759175166301,1.9336474662607792
2003-03-01,,,,,,,,,,,,0.5745945177545227,,0.5171895119593396,,,0.24256671750502326,,0.2176190227194001,,,0.0979116409773557,,0.0852759048960788,,,0.31915231415271555,,0.26131027032520643,,7.6732507064435875,7.5635602020929324,0.24001499867535073,136.14533171605268,282.97404715826116,50.07508607259872,1021.8428977724571,0.001113896277962152,2.6484431423772143,397.3318453160146,0.4692172853393326,0.2523663375056679,79.7979036513369,0.13641895186110284,13.165573536134064,15.0,13.48312370239969,2003,3,51.30761,4.51984,,0.17820839688127907,,0.1470237783992501,,5,0,0.8166550832807519,0.6847224065455683,-0.1319326767351836,15.41699229969717
2003-04-01,,,,,,,,,,,,0.5835685568461647,,0.5738219054422249,,,0.2669372193248871,,0.28017725834983503,,,0.11070210255566777,,0.11863886542778948,,,0.32797034092961563,,0.31880736402018145,,10.204538898429426,10.489235727791783,0.17732520052292255,188.36014621523873,294.68211330839245,90.03409301538002,1015.2558611470824,0.0016501113414470708,4.953516006174056,390.7068063464317,0.543886121377685,0.255259121320715,87.11233566630577,0.1903870943668086,13.165573536134064,15.0,13.48312370239969,2003,4,51.30761,4.51984,,0.2086715241561089,,0.22522157293729378,,5,0,3.33317602569568,1.6715879295895952,-1.661588096106085,36.637000615750075
2003-05-01,,,,,,,,,,,,0.6978126355140227,,0.7306901900411917,,,0.3392899079269568,,0.43900107201621524,,,0.150764807866504,,0.21284482275725208,,,0.45184054980544164,,0.4883430115217238,,13.772571622090853,14.055414570451713,0.24602301652596945,198.4451118321807,327.54750427060327,110.00255663447422,1015.1341755706212,0.00293061729372714,4.353058352707389,389.9495849830735,0.5984598800149982,0.2672707575516015,72.40758572205856,0.25654001753221706,13.165573536134064,15.0,13.48312370239969,2003,5,51.30761,4.51984,,0.29911238490869596,,0.42375134002026904,,5,0,7.5894598695585165,4.686500047980446,-2.9029598215780705,70.40093494887705
2003-06-01,,,,,,,,,,,,,,0.7559460987333068,,,,,0.4693061599767562,,,,,0.23244993540337397,,,,,0.5164204302590664,,18.93144148400811,19.734185098136365,0.17558069591757688,243.61156157064462,347.6461653479235,136.78040032089618,1014.3356021850226,0.0018829421854359711,6.792825734415534,389.31106849580993,0.6350403074615673,0.26048718500922274,67.97061786919535,0.3316679005091329,13.165573536134064,15.0,13.48312370239969,2003,6,51.30761,4.51984,,,,0.46163269997094525,,5,0,10.817842165313289,6.702724524979258,-4.115117640334031,102.24184038456872
2003-07-01,,,,,,,,,,,,,,0.7420838361041128,,,,,0.44708356737333804,,,,,0.21773553987840738,,,,,0.5010295039491827,,19.26061509642931,20.01519844564791,0.17356673082285595,221.2039043294353,354.73421832301506,124.74349888043518,1013.9425685372286,0.002625434354241208,7.143025571087792,381.5559881339904,0.6507552627350153,0.2563340413713504,66.73764285650383,0.3356382245119694,13.165573536134064,15.0,13.48312370239969,2003,7,51.30761,4.51984,,,,0.43385445921667254,,5,0,8.941921413013421,6.305109317581465,-2.6368120954319565,91.31484303605008
2003-08-01,,,,,,,,,,,,0.7314279089339524,,0.7151023779953216,,,0.3694648261847642,,0.385518037196112,,,0.16835074953002824,,0.17861357728098795,,,0.4891837798155818,,0.4710156659198412,,20.195027762875235,21.6024946494468,0.11186039681515941,208.22731328548326,355.94487102581974,107.53438559893655,1016.2328845468502,0.0010481033927544497,8.041365419594932,380.87379090272924,0.600997375328084,0.25197860450248927,66.67436722534798,0.3463704825996619,13.165573536134064,15.0,13.48312370239969,2003,8,51.30761,4.51984,,0.33683103273095527,,0.35689754649514005,,5,0,6.777017296642689,5.203617871152367,-1.5733994254903223,75.79486372875084
2003-09-01,,,,,,,,,,,0.6148452849938767,0.6974246327560234,,0.7241216525479959,,0.3179949877693875,0.3241966616824275,,0.3683398192001564,,0.13991042064397036,0.14207173739348447,,0.16777210438732962,,0.36275412676579877,0.45135538103953643,,0.4810528193683819,,15.481937820229001,16.175699155882352,0.16379474919893922,151.9035010449399,324.40031665435214,61.48751036429097,1018.494412004178,0.0011910789883128167,5.179576644787473,381.6673662243228,0.6689337270341208,0.26425611273964716,69.94256415406032,0.28412079251851186,13.165573536134064,15.0,13.48312370239969,2003,9,51.30761,4.51984,0.2724937347117344,0.28024582710303436,,0.33542477400019544,,5,0,4.135550533724851,3.7826709040644886,-0.3528796296603627,39.777575041133375
2003-10-01,,,,,,,,,,,0.5716018353404918,,,0.7114915344706891,,0.28113408665023126,,,0.33274109103684013,,0.11968462420259714,,,0.14709941698426043,,0.3220972379930002,,,0.46705384569510405,,8.301910961155613,8.861822405935511,0.21978579494144432,84.02400505346121,294.932724487256,15.22955588276347,1011.7108095040414,0.001955552264520792,2.358364900732118,385.9738144862587,0.6335291910532334,0.2550160623461665,72.74649560932905,0.15036742362371733,13.165573536134064,15.0,13.48312370239969,2003,10,51.30761,4.51984,0.22641760831278906,,,0.29092636379605014,,5,0,0.6990521962054598,2.086857555957856,1.387805359752396,7.058772230211433
2003-11-01,,,,,,,,,,,,,,0.5858068776640221,,,,,0.2545048159310849,,,,,0.10418688589011049,,,,,0.3304516400066632,,8.373844192641817,8.204247312791912,0.24455171364164513,42.20781435122832,308.9424233068337,-5.916395451578572,1012.7927279275607,0.0014461301927057898,1.454558298604772,395.8082801081883,0.28509333120612634,0.2617356071764614,62.70449891417042,0.1519404807611977,13.165573536134064,15.0,13.48312370239969,2003,11,51.30761,4.51984,,,,0.19313101991385614,,5,0,-1.0169244797099184,1.1529396335753703,2.1698641132852887,-1.2759441823175859
2003-12-01,,,,,,,,,,,,,,0.49433868261211666,,,,,0.17363179060688508,,,,,0.06615746564630566,,,,,0.2628994815666963,,4.123116394793673,4.093978786731551,0.2749410834405144,26.08117485638945,292.87980127891814,-15.079447650354897,1015.9230695500237,0.0027493041946724315,1.0145432683175781,398.7366716162373,0.23266438070525,0.235590676322792,66.60563915541049,0.050888240289374116,13.165573536134064,15.0,13.48312370239969,2003,12,51.30761,4.51984,,,,0.09203973825860634,,5,0,-1.730276576410049,0.08670374053092746,1.8169803169409764,-1.2759441823175859
2004-01-01,3.5521242483870976,0.9099462580645161,-7.194929225806449,0.9099462580645161,1.9629808709677414,0.8877688387096775,0.11295551612903228,0.7919473064516128,2.0867400000000003,3.956923870967743,0.4490057924950076,,,0.43489952803289317,,0.15816518648204814,,,0.15224877398538103,,0.05695725129695613,,,0.057838105117694306,,0.1989184585524086,,,0.2249021140626219,,3.5418981043206923,3.3399334574019597,0.29368662500117326,27.30898804683634,293.1234828738398,-11.960416521348447,1007.4438272342246,0.0034458227787346725,1.0911615187562091,391.5418316715251,0.2651265957674723,0.22934497851735372,68.9339508988178,0.03579094703165715,13.165573536134064,15.0,13.48312370239969,2004,1,51.30761,4.51984,0.07270648310256017,,,0.06531096748172628,,5,1,-1.7760881157857047,-0.09214995463952681,1.683938161146178,-1.2759441823175859
2004-02-01,5.6641544827586205,1.0,3.458070448275862,1.0,1.588486631034483,1.0,0.8864427158620691,1.1609376896551724,2.4480641379310355,2.9145451724137925,,,,0.43768089143547734,,,,,0.1848678519777309,,,,,0.07339092953798768,,,,,0.22349987810661692,,4.898220348661476,4.938895766629004,0.28006981269803644,60.93778327060513,293.3798996349187,8.666255831167767,1018.1340642966342,0.002123868603260891,1.7831961878231763,392.44197094173535,0.26763374185757094,0.23684172181482235,77.19651946480133,0.07054260060889206,13.165573536134064,15.0,13.48312370239969,2004,2,51.30761,4.51984,,,,0.10608481497216361,,5,1,-1.1154903267050729,0.2638948741590455,1.3793852008641183,0.7133509753754407
2004-03-01,6.891366522580647,1.0,28.7224635483871,1.0,0.6520431161290324,0.906586,1.7661901612903226,1.964286419354839,2.4427767741935478,3.084629677419355,,0.5711402672201473,,0.4332342621408668,,,0.24975444301656333,,0.20033109776407795,,,0.10158238608640716,,0.07932780359695131,,,0.3151032716238385,,0.20159357689406943,,5.8482530858915664,5.615323462703204,0.26978956231027845,118.31606805499933,285.0505988407068,44.91852524650393,1018.9765753195808,0.0014568082047756506,2.162114895634514,393.1130227560874,0.385076865391826,0.24212169398738873,79.38066093472908,0.09388563875278366,13.165573536134064,15.0,13.48312370239969,2004,3,51.30761,4.51984,,0.18719305377070417,,0.12541387220509742,,5,1,0.08275551162728283,0.43673135284230424,0.3539758412150214,9.149931460388784
2004-04-01,10.2436596,0.9826389333333334,44.80969233333333,0.9847222333333333,0.055757683333333356,0.5465277666666667,2.8417825666666667,2.003544966666667,2.938058666666667,1.7292317333333331,0.43015768336318505,,,0.5826091692679735,,0.14792894053640096,,,0.2900479319996754,,0.05239453192868292,,,0.1242835578511197,,0.18295239696849913,,,0.32734457121633237,,10.282991480432308,10.44715957934441,0.2376778547156405,168.72446811151633,306.0137220956477,84.11195731608784,1011.2930146063497,0.001709714770461064,3.4745804720569358,393.0828679638506,0.4108539557555306,0.26104200448047005,78.01463004312289,0.19196641901661118,13.165573536134064,15.0,13.48312370239969,2004,4,51.30761,4.51984,0.05991117567050119,,,0.23755991499959422,,5,1,3.0433517888602957,1.8146102380894769,-1.2287415507708188,35.04971381243174
2004-05-01,26.11159193548387,0.9959677741935484,59.77200322580645,0.9966398064516129,-2.404689612903226,0.9932796129032259,5.6586741935483875,4.303221612903226,3.2083022580645157,0.8638222258064514,0.5703029472157397,0.49729053702781817,,0.720724907934944,,0.2850565573308857,0.20632318718923123,,0.4425331378085379,,0.12307218477257939,0.07965677617251153,,0.21590532810276553,,0.3144981856685646,0.24237695188670755,,0.4773371236494966,,12.276723275597352,13.119209684063414,0.20300257444045072,201.4435053001641,317.9841466078043,109.41471648476389,1014.2521771996252,0.0014941567321236267,4.104342345023403,395.29464469205345,0.5766993411537843,0.26605265329610434,76.54686883554027,0.23021910438197465,13.165573536134064,15.0,13.48312370239969,2004,5,51.30761,4.51984,0.2313206966636071,0.13290398398653902,,0.42816642226067236,,5,1,7.64650179963721,4.42258588050607,-3.223915919131141,66.30400419354969
2004-06-01,35.622077999999995,0.9569444333333333,51.32978433333333,0.9569444333333333,-2.618710233333333,0.95625,6.715954999999998,5.842263000000002,4.207881666666667,2.4070507000000005,0.6367371262056181,,,0.7451017578967433,,0.33438697799892897,,,0.4628154501412694,,0.1486732696411171,,,0.22856037248866565,,0.3846081980254682,,,0.5043546523192015,,16.078234910290586,16.722941095345693,0.19816183933639095,221.6775831425364,339.6997615057986,127.15774600308323,1015.6683967506444,0.002138246325153039,5.111554089619555,388.0831641010097,0.6007274090738657,0.26661832681495984,69.18160612943588,0.29311545826936297,13.165573536134064,15.0,13.48312370239969,2004,6,51.30761,4.51984,0.2929837224986612,,,0.45351931267658674,,5,1,9.499611901916063,5.729365061436587,-3.7702468404794764,88.10730688042149
2004-07-01,36.7445870967742,0.8091398161290323,38.42346980645161,0.9979839032258064,-2.144614322580645,0.7728494935483871,5.870477096774194,5.113457096774194,3.8841680645161287,1.232340258064516,0.5735030462348927,0.7781174404074986,,0.7767893786970601,,0.24313684431265636,0.4114671651716705,,0.4739741186375809,,0.09878818332274326,0.19365004124175633,,0.23483516666396792,,0.32014569521638414,0.540928159629481,,0.5392573130404026,,17.3212860661209,17.93181708252899,0.22415424382555832,211.28188500883985,347.8697644224502,120.37080760617076,1014.2506070890142,0.0026714076544998196,5.000737596355132,381.78571858799415,0.6281706974128234,0.264886527944514,64.00453114969729,0.3108237845228136,13.165573536134064,15.0,13.48312370239969,2004,7,51.30761,4.51984,0.17892105539082045,0.3893339564645881,,0.4674676482969761,,5,1,9.25622195702054,6.282589882317273,-2.973632074703266,90.47102832857877
2004-08-01,38.09894516129033,0.22110216129032256,41.70777612903226,0.22110216129032256,-1.9622979677419352,0.2204300967741935,5.900315806451613,5.226060967741935,3.7185832258064515,2.5766578064516135,0.4286205132968133,0.6278275911048201,,0.7452187370451079,,0.29839934110923666,0.336509234781812,,0.41406595055863427,,0.1397369142534914,0.15012796615889043,,0.19588345450752254,,0.18167618678566166,0.3749474084551842,,0.5045153721292245,,19.183768485475145,19.73536040361501,0.2095504826122792,178.08561831969635,361.21785969748254,97.24801873989067,1009.7590999660795,0.003586961477852067,5.896583198630093,377.9870763643523,0.6935240237827415,0.2586716444971171,61.99666331575474,0.3347201778226677,13.165573536134064,15.0,13.48312370239969,2004,8,51.30761,4.51984,0.2479991763865458,0.295636543477265,,0.39258243819829286,,5,1,6.1840450241946066,5.537346638549029,-0.6466983856455775,71.22586210328953
2004-09-01,28.957473333333336,0.9256944333333333,10.543675333333336,0.9340277666666666,-0.5512638033333334,0.9243055333333333,3.828994000000001,4.014679,3.23334,3.586917333333333,0.7344575619509747,0.7546828970545005,,0.7372412570344588,,0.3478247700764312,0.36734119068501375,,0.3851112467925929,,0.15577293285968588,0.1670153007155079,,0.17783616040093186,,0.49255126812670014,0.5150259823490897,,0.49564725873600146,,15.923197554925405,16.1902409989413,0.2081684772735492,138.42494732186245,336.5880011864009,61.00058279455834,1017.0312037019498,0.0017938010817926222,4.801442395250618,377.86458610035197,0.5398139295088114,0.26452940945241477,66.18952460222924,0.2908080245263895,13.165573536134064,15.0,13.48312370239969,2004,9,51.30761,4.51984,0.309780962595539,0.3341764883562671,,0.35638905849074115,,5,1,3.864496072347362,4.171954440504988,0.3074583681576266,40.85229743354368
2004-10-01,13.419696129032253,0.9596774193548387,8.68977483870968,0.9764785161290322,0.31764106451612906,0.9576613225806452,2.517655419354839,2.8294322580645157,2.8290029032258066,3.984567741935485,,,,0.7163178942398155,,,,,0.317848892471159,,,,,0.1396672817668293,,,,,0.472378360766136,,12.086153987032201,12.210242965050169,0.22981669445748404,85.7606937298426,316.5000377606712,19.214351303915755,1008.2202484343817,0.0012962154131419962,3.1101894514036537,384.2961066534017,0.46073189050555025,0.26665830168295324,68.17279413831527,0.2267193716669502,13.165573536134064,15.0,13.48312370239969,2004,10,51.30761,4.51984,,,,0.2723111155889487,,5,1,0.8589218865657945,2.431631178316981,1.5727092917511865,10.437799989533346
2004-11-01,5.664238266666667,0.9659722233333333,-4.38264273,0.9590277566666666,2.0367258666666666,0.90763889,0.6608054000000002,1.1012853666666669,2.7730476666666664,3.2228346666666665,,,,0.6381108461511018,,,,,0.24251632627527836,,,,,0.0986016730265662,,,,,0.38647565606155854,,6.644184420721503,6.879841620097322,0.260073757407106,36.95495021480233,308.142067767022,-3.5575653521286825,1019.5230101908842,0.0022054379578767755,1.274498634597065,393.4405558626125,0.4144457106390738,0.2520598293412769,63.91335139679687,0.11280889690876873,13.165573536134064,15.0,13.48312370239969,2004,11,51.30761,4.51984,,,,0.17814540784409794,,5,1,-1.2526484008562107,0.883356347548754,2.1360047484049645,-1.2759441823175859
2004-12-01,0.91882321483871,0.9912634193548386,-6.567581483870969,0.9825268709677419,0.4500053870967741,0.3534946129032258,1.364025709677419,0.9026812580645162,1.7703174193548388,1.776498387096774,,,,0.6173356306317346,,,,,0.20656449284074319,,,,,0.08080268281550514,,,,,0.3646136690938279,,3.1771740017887504,3.1712133072195767,0.27010144878912395,24.36635642626986,291.87465598216323,-13.589551404492925,1017.0895007541812,0.0019224545027737552,0.7191498212150073,405.04044184122523,0.27493837171586116,0.23003940446896756,62.16612066515955,0.026159896052451292,13.165573536134064,15.0,13.48312370239969,2004,12,51.30761,4.51984,,,,0.13320561605092898,,5,1,-1.7025820599730839,0.30142044851985544,2.004002508492939,-1.2759441823175859
2005-01-01,,,,,,,,,,,,,,0.5919683642623882,,,,,0.20685846445882303,,,,,0.08033153766322793,,,,,0.33679364262115624,,4.922298282661775,4.605332423483855,0.27323594736045576,37.295185357457484,288.2156424411377,-13.675519476159456,1019.4964756532054,0.0014045001226399558,1.470758890152473,389.9074573383999,0.4028883419708425,0.23824844884160726,71.6950063904312,0.07114437580546355,13.165573536134064,15.0,13.48312370239969,2005,1,51.30761,4.51984,,,,0.1335730805735288,,5,-1,-1.431613728100592,0.3979116283268731,1.8295253564274652,-1.2759441823175859
2005-02-01,,,,,,,,,,,0.4305383407091098,,,0.5738361649772482,,0.11504765127619848,,,0.21913862598626868,,0.038701729856346734,,,0.08611862735661455,,0.1832690419389539,,,0.3179386322717734,,2.407425428888609,2.659474529864456,0.2826069946023005,65.61124078115813,277.0484689823164,9.036751188326479,1017.654733413351,0.0024042841898101806,1.3256034859890573,396.2914563452712,0.3505798527622738,0.21852102385144734,78.06478011085167,0.005435588249853236,13.165573536134064,15.0,13.48312370239969,2005,2,51.30761,4.51984,0.018809564095248095,,,0.14892328248283584,,5,-1,-0.982414953983408,0.34895681485772834,1.3313717688411364,1.7240093773096683
2005-03-01,,,,,,,,,,,,,,0.5646485012087619,,,,,0.224345457577079,,,,,0.08883013085443092,,,,,0.3086644806589152,,6.602159293240875,6.376530749960123,0.26800124891705185,106.85418055513527,300.17701996186463,42.43079875384516,1014.4555455578126,0.001660499514502523,1.9334486223993574,395.6867753762026,0.32232330333708287,0.24860269481250166,74.73322459815307,0.11182419063137312,13.165573536134064,15.0,13.48312370239969,2005,3,51.30761,4.51984,,,,0.15543182197134875,,5,-1,0.18835857334565023,0.6800000928140532,0.49164151946840295,14.480088740028524
2005-04-01,21.88673536666666,0.9986111,39.227940633333326,1.0,-0.17910098666666663,0.9972222666666667,2.300942866666667,2.739567666666667,2.164523666666667,2.094418633333334,0.579462074817731,,,0.6099722347098482,,0.25540715606801745,,,0.2880142827666788,,0.10453731422241846,,,0.12225302326958329,,0.32370144674602574,,,0.35624000262159594,,10.352403853650788,10.490801840853816,0.26640098144925134,163.66858151312505,310.7121338828095,84.49850854749697,1012.4517491257188,0.002468283230166998,2.9970097712228,398.1385614441939,0.40521077722427556,0.2642268027235297,74.99364526589163,0.1933590776960361,13.165573536134064,15.0,13.48312370239969,2005,4,51.30761,4.51984,0.1942589450850218,,,0.23501785345834847,,5,-1,2.911421408854195,1.7745648733440502,-1.136856535510145,37.896812368092114
2005-05-01,42.60651741935484,1.0,60.981430322580664,1.0,-2.3204576612903227,0.9946236451612903,5.412415483870967,5.558483548387098,3.0491796774193545,2.2168694838709677,0.6468108639226823,0.7312027268847715,,0.7073300145816445,,0.32080933622287483,0.3577134754245749,,0.41113623192284937,,0.14040479534892045,0.1613754603637492,,0.19557805544398857,,0.3955515433562612,0.4889331969501357,,0.46248155120899237,,12.896097624923605,13.435143754225061,0.2589227945620479,216.9385652356901,318.56067965768796,120.73331817953073,1015.2301102450704,0.0028032053389715887,4.115632681867121,390.3651021013677,0.6011497000374953,0.266414478253456,73.71493862757039,0.24136503112492022,13.165573536134064,15.0,13.48312370239969,2005,5,51.30761,4.51984,0.2760116702785935,0.3221418442807186,,0.38892028990356164,,5,-1,7.71823099305624,4.027206566997472,-3.6910244260587683,72.44312479961005
2005-06-01,50.33922933333333,0.9944444666666666,65.66532433333334,0.9993055666666667,-3.4139469,0.9673611333333334,6.483714333333333,5.453274666666667,3.123656,1.6141135333333336,,0.7757807013142947,,0.7478687156699841,,,0.369642547451432,,0.46293950332597084,,,0.1684178321551895,,0.22837407643426272,,,0.5383545198621824,,0.5074561582176927,,17.489544227865473,18.170522260012934,0.17710154587117366,244.60973493484215,342.8556135350417,140.76729056775267,1017.1280390089695,0.001603888530424512,7.142822628220714,392.11128566910577,0.6591774465691789,0.2618493169903942,73.96420944606005,0.3131125332073823,13.165573536134064,15.0,13.48312370239969,2005,6,51.30761,4.51984,,0.33705318431429,,0.4536743791574635,,5,-1,10.634611964687203,6.127838810702137,-4.5067731539850655,100.96483228506102
2005-07-01,51.513722580645165,1.0,34.22842061290322,1.0,-3.209032193548387,0.969758064516129,6.493073548387096,6.917054516129032,3.285052580645161,2.764600967741935,0.7233547878432769,0.7643881806121806,,0.7599745399032911,,0.372657624617797,0.3839907077464817,,0.4524428273078839,,0.17034550483235272,0.17691389146453965,,0.22067280198867123,,0.48019843334367857,0.5257759830495561,,0.520851907537658,,18.1304127225837,18.96602878788901,0.20763862623950352,201.83656166458488,356.20010283344175,115.7957908055563,1013.1423911946665,0.003213138442659011,5.094692603260792,383.12393619438814,0.5603942364347313,0.2643869527725682,62.466282186622045,0.3215936673677292,13.165573536134064,15.0,13.48312370239969,2005,7,51.30761,4.51984,0.3408220307722462,0.3549883846831021,,0.4405535341348549,,5,-1,8.290639521689394,6.067650783929627,-2.222988737759767,85.7234077774842
2005-08-01,50.160745161290336,0.9986559032258064,28.514224580645163,1.0,-4.151039109677419,0.9959677419354839,6.609954838709677,6.035045806451613,2.414351451612903,1.6586989677419353,0.7240666400577876,0.8013838967761553,,0.7764418661263726,,0.35586348243171684,0.37604808825787195,,0.43869224316229716,,0.16145650327518654,0.17232333529052085,,0.21113887436345818,,0.48106395238539973,0.5664066147318755,,0.5390275411894355,,16.52264226749166,16.99514004144364,0.24229687338661543,176.71656917758824,344.5608954193969,94.90586868037781,1015.7997988847857,0.002527928964597966,4.2815463042643644,379.2949565964709,0.6244427259092613,0.2668285717521409,62.21732991683496,0.299608189579765,13.165573536134064,15.0,13.48312370239969,2005,8,51.30761,4.51984,0.3198293530396461,0.34506011032233996,,0.4233653039528715,,5,-1,6.690953198064643,5.321301013592088,-1.3696521844725549,69.90237177305967
2005-09-01,41.89948966666667,0.7458333666666667,25.28132946666666,0.7458333666666667,-1.9534475333333334,0.7340277666666667,4.2359167,4.025283333333333,2.2610257999999996,2.076971666666667,0.7641365649944633,0.7895778923691379,,0.7659809602910773,,0.3564207591059595,0.3553239199807845,,0.39556511859113747,,0.16068431468707972,0.16027646077417526,,0.18398606487809038,,0.5254976452462642,0.5535139307684718,,0.5275365127541082,,16.548646104857514,16.93715301257642,0.20085477149526676,137.72190623292772,341.30487093262866,61.157749043264886,1016.4450224925025,0.00173593579429043,4.306063513931992,385.83945291535247,0.696879452568429,0.26874449783064724,63.424483104666855,0.2999825267350591,13.165573536134064,15.0,13.48312370239969,2005,9,51.30761,4.51984,0.3205259488824494,0.3191548999759807,,0.3694563982389218,,5,-1,4.107298386997693,4.496641747655306,0.3893433606576133,43.78249587528058
2005-10-01,18.82935838709677,0.9220430225806452,-1.718298474193548,0.9220430225806452,0.3949254161290322,0.9213709903225806,2.867476941935484,2.18741070967742,3.2569129032258064,1.4927823870967745,0.432725699262864,0.5813236210368868,,0.7210636975645139,,0.19950634163775186,0.29364278122709714,,0.34222962916035404,,0.08445046960361022,0.12571369163892374,,0.15244788965378384,,0.2543867733672476,0.3256345276333325,,0.47764782972000497,,14.246022238815756,14.02492137993038,0.21683928477566028,85.07575849145951,327.3823698105607,18.688438367734328,1015.2405200994529,0.001248136733852692,3.1882822467136864,390.70759788304065,0.7208149908305861,0.2726371410374854,63.747449928504835,0.264445885429266,13.165573536134064,15.0,13.48312370239969,2005,10,51.30761,4.51984,0.12438292704718981,0.2420534765338714,,0.3027870364504425,,5,-1,1.1867567414271198,3.1147637457238195,1.9280070042966997,10.806350294672729
2005-11-01,6.0909780666666675,1.0,-2.1579107333333334,1.0,1.9204741,1.0,0.9933882866666667,1.5213523999999994,2.8891413333333342,3.933469333333333,,0.7159911711277872,,0.6777662553337301,,,0.30726892445113974,,0.2853476307299128,,,0.13277833307148637,,0.12079376700421438,,,0.47200221455094943,,0.42958119480032936,,7.03012891615702,7.516285950443383,0.2566627020359574,40.3974676950056,303.00149603644456,-8.00394252709903,1014.1634420659938,0.0019242892356085947,1.5620518837781456,393.93534814638986,0.3988345564773453,0.25295181988213533,67.82453862857233,0.12177682172453966,13.165573536134064,15.0,13.48312370239969,2005,11,51.30761,4.51984,,0.25908615556392467,,0.231684538412391,,5,-1,-0.9915428183486628,1.377202143659628,2.3687449620082908,-1.2759441823175859
2005-12-01,1.8442778890322586,1.0,-15.73026135483871,1.0,2.012350838709677,1.0,0.5599151935483871,0.5697397612903226,2.5586638709677425,2.3065710967741935,,,,0.6088883813270741,,,,,0.21600881022181578,,,,,0.08511061583781031,,,,,0.3550185364327661,,3.7777796656779015,3.805329936336037,0.2599845174294516,25.976206174348007,290.7049090586268,-15.97191672476323,1015.702598688158,0.0010771576687454455,0.9909473843800649,395.7277352499971,0.2291011190398962,0.23248809339867593,66.51574443026199,0.04195515830511652,13.165573536134064,15.0,13.48312370239969,2005,12,51.30761,4.51984,,,,0.14501101277726972,,5,-1,-1.643391769240011,0.41548802007149266,2.058879789311504,-1.2759441823175859
2006-01-01,1.3713204516129032,0.7426075032258064,2.554283903225806,0.7426075032258064,1.295651419354839,0.7432795580645161,0.3667399612903226,0.6556970322580644,1.661096774193548,1.8173211935483873,,,,0.5831274067956249,,,,,0.2192232203081844,,,,,0.08617539831895786,,,,,0.3275648735829423,,1.4986866137770327,1.480718540511864,0.25657145353822525,38.84168871058252,271.698460908065,-13.044149628335585,1022.617345215915,0.000516139393060679,0.9844591450221013,405.18833899151053,0.4167404251364245,0.21244487275708038,74.79147074149226,0.0,13.165573536134064,15.0,13.48312370239969,2006,1,51.30761,4.51984,,,,0.1490290253852305,,5,1,-1.4725416154065067,0.29613219996619805,1.7686738153727048,-1.2759441823175859
2006-02-01,2.6986522142857146,0.7842261785714285,-3.323692714285712,0.7842261785714285,1.3125523714285712,0.7842261785714285,0.32818515714285723,0.9169147857142856,1.6465939285714286,2.5545557142857143,,,,0.5559215048879554,,,,,0.21822024811225801,,,,,0.08577798678159827,,,,,0.2998963321078864,,2.70315945141352,2.626569276674776,0.27930939873919675,53.39369358331997,291.90390423163507,11.867035058335345,1013.2685671625102,0.002851567763536376,1.1227676700190623,399.72319207397175,0.18167575404154798,0.22265707733066795,73.58426834397844,0.01346166927546979,13.165573536134064,15.0,13.48312370239969,2006,2,51.30761,4.51984,,,,0.14777531014032252,,5,1,-1.1776416948130888,0.36093659907399434,1.5385782938870831,2.5139256483167616
2006-03-01,8.563673003225805,1.0,28.537902580645166,1.0,1.058123780645161,1.0,1.0050469580645165,1.5028454516129033,2.0888066129032254,2.6969506129032257,,0.5748391676165837,,0.5245726353723662,,,0.24918834480904392,,0.21958488833275125,,,0.1012729257556026,,0.08621721218344551,,,0.3189161427085176,,0.2685746218303211,,4.194335482976295,3.963001709083765,0.27382593497347457,116.3767168812658,278.2257595291323,43.3417375737206,1009.0919246109231,0.0020136894288045114,1.930992660552526,394.80828839435776,0.49464285714285716,0.2309270295495524,82.20990140937394,0.05271699575971227,13.165573536134064,15.0,13.48312370239969,2006,3,51.30761,4.51984,,0.18648543101130488,,0.14948111041593906,,5,1,0.09341087518829075,0.4624724531720042,0.3690615779837134,12.002088068569282
2006-04-01,23.69129566666667,1.0,49.90404800000001,1.0,0.21013260666666672,1.0,2.8454452196666664,3.7397583333333335,3.0651246666666667,4.240040666666666,0.5817063508798967,0.6319218372357257,,0.6021123625423777,,0.29126047898862883,0.2911424103764878,,0.22678093116420697,,0.12432950141938821,0.12369309651836234,,0.09207285830559556,,0.3260323959836142,0.3793714363865652,,0.3479474479680923,,8.900037563696378,9.374938248151544,0.26826057786438456,175.68317980016204,300.3663749180072,90.56805774798661,1013.10108782289,0.0021694590562993323,2.7627818357047724,396.677000697182,0.2942005463602764,0.25832404998764086,77.07225957161015,0.16330398340193059,13.165573536134064,15.0,13.48312370239969,2006,4,51.30761,4.51984,0.23907559873578604,0.23892801297060975,,0.1584761639552587,,5,1,1.9788168202986367,0.930286885658866,-1.0485299346397707,38.34292591872702
2006-05-01,26.859860290322583,0.9993279677419354,44.36399451612904,1.0,-0.9140272161290324,1.0,4.62434477419355,3.913526983870967,3.617474129032258,2.747220516129033,0.6703075458259539,,,0.7128917482324101,,0.3544959209436457,,,0.41803362378185455,,0.16033027043844422,,,0.1996475441231279,,0.4216255744010755,,,0.4686924253738971,,14.218505798493924,14.465648419788335,0.23823592934142857,198.47264422495562,330.3134976667812,110.83967696312318,1012.4472173290994,0.003368981182241326,4.515716938321864,394.1517019628648,0.5084964379452569,0.2685246580813855,72.85579787947083,0.26399199761387293,13.165573536134064,15.0,13.48312370239969,2006,5,51.30761,4.51984,0.31811990117955713,,,0.3975420297273181,,5,1,7.198520490092108,4.425066302907142,-2.7734541871849654,69.21683573757306
2006-06-01,54.903437000000004,1.0,66.50124560666667,1.0,-3.07910216,0.9993055666666667,8.533830666666667,8.377451666666667,5.3298716666666675,5.316857333333332,0.6862634834766785,0.7536811584069201,,0.7634222386782649,,0.31195822024483005,0.40251122589755933,,0.461881427785665,,0.13680407474122136,0.18834868654085565,,0.22690956137315688,,0.43946474562061155,0.5139149238534167,,0.5247011260206645,,16.68282289824816,17.200020430901972,0.18784865978938828,229.5301285433033,338.4348743951862,128.79752483969472,1018.9187144929103,0.0010952388423290085,6.187059800639949,392.9552246101407,0.6763212410948631,0.26495084666461133,72.96734559068298,0.3019042671950382,13.165573536134064,15.0,13.48312370239969,2006,6,51.30761,4.51984,0.2649477753060376,0.3781390323719491,,0.45235178473208126,,5,1,9.874388986379184,5.848949192543485,-4.025439793835699,93.43814402706768
2006-07-01,68.31480967741936,0.8649193225806451,81.91543129032254,0.8649193548387096,-2.8192421612903225,0.846102129032258,8.768907096774191,9.145051935483874,5.97456677419355,5.807996451612904,0.7314558321154246,0.7830786101831692,,0.7480878305461088,,0.3928703181194268,0.4088544627253521,,0.44664366138930056,,0.18300665195269708,0.19210568004317408,,0.21720011437683617,,0.48920837274911255,0.5463667140854064,,0.5076906593173427,,22.853588650279622,23.686471986775743,0.11668192273775216,257.28106452276654,364.3742129318875,142.7213553911186,1017.2371137821638,0.0010986106439034135,11.346897814259853,388.9672923981679,0.7823922009748782,0.24021207527603947,68.62385646615614,0.3725518374353023,13.165573536134064,15.0,13.48312370239969,2006,7,51.30761,4.51984,0.36608789764928346,0.3860680784066901,,0.4333045767366257,,5,1,10.294500632942801,7.451134071266097,-2.8433665616767048,112.23918044582045
2006-08-01,37.173101290322585,1.0,8.576440838709678,0.9993279677419354,-1.4760067129032257,1.0,6.3390441935483866,5.978762903225806,4.842103225806451,4.141426774193548,,,,0.59323830966812,,,,,0.3487282632809172,,,,,0.16066949335618363,,,,,0.3426675399170793,,16.295302435488626,17.043860531563784,0.26369135035331176,154.77136398105904,349.7962940256808,82.78600010158445,1009.8656367509515,0.005662850212763087,3.338323381358131,379.6265297553375,0.43342941507311583,0.27051382854408035,57.52329900398592,0.2963092775365576,13.165573536134064,15.0,13.48312370239969,2006,8,51.30761,4.51984,,,,0.3109103291011465,,5,1,4.073331666425404,3.7323615520017817,-0.3409701144236226,40.888365901645145
2006-09-01,34.57891333333334,0.9965277666666666,27.38304466666667,0.9958333333333333,-1.0398922366666667,0.9888889,4.9974587999999995,6.142785333333332,3.9151752000000006,5.606221666666667,,0.5917450203138598,,0.7377823416473563,,,0.3185530388550252,,0.38919742490730624,,,0.145875074109469,,0.18046773629641097,,,0.3537857042876815,,0.4963905340274117,,18.31203556651614,18.200440274402293,0.2100943777638787,137.79754679775218,351.65707602584473,62.95717326783331,1012.546465541241,0.0011705174494567843,4.837215447919312,388.3534779407914,0.6278997937757781,0.2667544618228923,61.733756907080384,0.3239291436001597,13.165573536134064,15.0,13.48312370239969,2006,9,51.30761,4.51984,,0.27319129856878144,,0.36149678113413286,,5,1,4.0423036095704,4.798496907739464,0.7561932981690642,44.30212708377111
2006-10-01,15.833551193548386,1.0,0.8636670967741934,1.0,0.49851144516129026,1.0,3.478504548387096,3.197725483870967,3.931067419354839,3.214744838709678,0.7404361909766045,,,0.7274382558344231,,0.35149943964441716,,,0.362215047360253,,0.1577498597005229,,,0.16416454450470594,,0.4992042848438933,,,0.4847352016963884,,14.226448645477221,14.278280345642822,0.25152252496823146,78.8811656232427,335.83153653077966,21.333799980097066,1010.3353323623284,0.002170744806336297,2.937742382998152,387.7482557772856,0.6374265858075061,0.2728649294351128,61.500701601816694,0.2641230869285887,13.165573536134064,15.0,13.48312370239969,2006,10,51.30761,4.51984,0.31437429955552143,,,0.32776880920031626,,5,1,1.1266704049270524,3.4379368652870714,2.3112664603600193,12.679355113626878
2006-11-01,6.3373856,1.0,-16.110653133333333,1.0,1.769041033333333,0.9979166666666667,1.2059632066666663,1.4756671999999997,2.9334053333333334,3.6403903333333334,0.2073043964468352,,,0.655174264318386,,0.11583881162344449,,,0.2925618843522304,,0.0428693362363827,,,0.12471752800093153,,0.042948675972552794,,,0.4049673619268225,,9.429831556763258,9.41146674286123,0.26907353353018704,43.126988751402905,309.8513910383151,-9.016531027852066,1014.2934443515009,0.002184472110796121,1.962792056930305,391.8990095439193,0.5436028238672623,0.26364498281431237,66.07424705382206,0.17449025241317315,13.165573536134064,15.0,13.48312370239969,2006,11,51.30761,4.51984,0.019798514529305606,,,0.240702355440288,,5,1,-0.7977907970863719,1.724196475024552,2.5219872721109238,-1.2759441823175859
2006-12-01,2.259521548387097,1.0,-0.5464890322580646,1.0,1.845720419354839,0.9993279677419354,0.38626398387096766,0.6195457548387097,2.2182116129032257,2.5684782903225813,,,,0.5964019273925049,,,,,0.2340520454091307,,,,,0.09367229108063387,,,,,0.34235090857400335,,6.1704423951361305,6.268189677850266,0.28569440781390404,22.777546393746302,306.9564908437721,-14.452630768734009,1020.3314449574498,0.0028485225070234137,1.377353420349193,398.87943423701347,0.22722632176451502,0.24906503792117982,68.03845164551595,0.10161525436067248,13.165573536134064,15.0,13.48312370239969,2006,12,51.30761,4.51984,,,,0.16756505676141337,,5,1,-1.617977756535653,0.7458111649259056,2.3637889214615586,-1.2759441823175859
2007-01-01,0.8362140806451612,0.6922042903225807,-15.924458709677419,0.6989247419354839,2.1634829419354835,0.6370967741935484,0.7718611429032257,0.5895266451612904,2.9336054838709673,3.0352270967741934,0.6932960057440395,,,0.6078841160128575,,0.282202627930537,,,0.23541478214737677,,0.11913163513803986,,,0.094360410446237,,0.44677150753347766,,,0.3536730548341606,,7.0241732710274905,6.649670110184354,0.2924551561599421,29.283408279026823,306.49708149656664,-12.814196152440472,1015.4932103477862,0.0027012133530993137,1.7401010126806853,391.4520951700725,0.24140754911291742,0.25159304653637615,69.99549983211602,0.12163946600256771,13.165573536134064,15.0,13.48312370239969,2007,1,51.30761,4.51984,0.22775328491317126,,,0.16926847768422096,,5,-3,-1.4533743702564699,0.8264617723776255,2.279836142634095,-1.2759441823175859
2007-02-01,4.260437178571428,1.0,-2.879391642857142,1.0,1.1466791785714283,1.0,0.9676460357142856,1.5306183928571426,2.1646107142857143,3.458978214285715,,,,0.5922404183021637,,,,,0.2260465086976902,,,,,0.08968071811226938,,,,,0.3376941072608393,,6.35575100764333,6.049808770170974,0.2851412534094475,55.71260941541738,301.8850319556342,7.79420230447104,1008.0322311689014,0.0029969193352882293,1.4445661268749392,401.0070013068116,0.27553986362972743,0.2501997924801868,69.25431903835351,0.10601811339848137,13.165573536134064,15.0,13.48312370239969,2007,2,51.30761,4.51984,,,,0.15755813587211273,,5,-3,-0.9096583879718713,0.6791622691730844,1.5888206571449557,1.814211594535066
2007-03-01,12.23780258064516,0.9556451612903226,27.663614193548387,0.9556451612903226,0.47675868064516114,0.9543010645161291,2.0592008064516127,2.6675358064516126,2.4450606451612904,3.4828503225806453,0.5892021143322139,0.6632652910773251,,0.5766579741145494,,0.2580982690237331,0.27825969733122197,,0.24652752932773694,,0.10593303198971833,0.11678042729689171,,0.09995155337432948,,0.33385371282026755,0.4135788297132931,,0.32083039007618525,,7.815549850066049,7.755804320205135,0.27661109841036924,119.18945454791506,290.97411543451227,43.742058388353385,1013.9020120764302,0.002562707174414562,2.5040980289675288,396.4555652506096,0.48344066366704164,0.2535777456954574,77.83347906000786,0.13960777480334202,13.165573536134064,15.0,13.48312370239969,2007,3,51.30761,4.51984,0.1976228362796664,0.22282462166402744,,0.18315941165967117,,5,-3,0.8104907492531545,1.010656093765245,0.20016534451209045,16.11067926064902
2007-04-01,28.580346666666674,1.0,79.22869999999998,1.0,-0.6115554366666667,0.9979167,4.842804,4.561852,4.121814333333334,3.7751540000000006,0.6564994228140495,0.6463237023504056,,0.6393106200892827,,0.3060210239512117,0.2861877598425151,,0.32169696063537245,,0.13188938827581803,0.12095959624957299,,0.14195299952614476,,0.406149580064512,0.39502001055066904,,0.3881525964654544,,13.453720598017407,13.849136868203873,0.1571022020247916,221.76961432005234,301.67710517988513,107.75168594440885,1019.9435480666908,7.097624465325968e-05,6.111160074471853,402.09233499613015,0.661092720552788,0.2643694417851768,84.70412780201907,0.2511005723027197,13.165573536134064,15.0,13.48312370239969,2007,4,51.30761,4.51984,0.25752627993901467,0.23273469980314387,,0.27712120079421554,,5,-3,5.732267267313742,2.6968610396362473,-3.0354062276774947,56.429081515690534
2007-05-01,39.67415116129033,1.0,45.633789677419344,1.0,-1.9966314619354835,0.9993279677419354,6.504057225806452,6.794406774193548,4.487002903225806,5.03509,,0.6981211197847007,,0.7569255256692261,,,0.3344783821874103,,0.4583972441087632,,,0.147940137222127,,0.2249968385440596,,,0.45212900761454305,,0.5174186484899446,,14.640052838052497,15.54947157052586,0.20077035685788144,197.08705957152165,334.4556167357565,109.7249876902716,1009.4169371736303,0.003015340403415962,4.988851785153179,393.66031013911623,0.6528407386576678,0.2673989560004658,74.02819923947973,0.27086977235228316,13.165573536134064,15.0,13.48312370239969,2007,5,51.30761,4.51984,,0.2930979777342628,,0.44799655513595393,,5,-3,8.025266326326053,5.239398029334789,-2.7858682969912634,75.19643971431739
2007-06-01,52.66133799999999,0.9972222333333334,40.15700466666666,0.9944444333333333,-2.773634733333333,0.9972222333333334,7.826589333333332,7.962506,5.004361333333333,5.216481333333334,,0.7401982702268399,,0.7734878550574371,,,0.412780994436326,,0.4835525578650604,,,0.19509830863445607,,0.24156702476471092,,,0.4989397530028892,,0.5356213184557506,,17.40726813355514,18.104367841735506,0.24254074049156524,198.92737400766927,355.8696196556615,116.73726337459136,1010.4625384628616,0.0034743471098884955,4.4525418753385635,392.49895173821136,0.6023059617547807,0.2700110735016163,63.07258783268709,0.3119965886474903,13.165573536134064,15.0,13.48312370239969,2007,6,51.30761,4.51984,,0.3909762430454075,,0.47944069733132544,,5,-3,8.992892269621219,6.521948908574726,-2.4709433610464933,87.33757336374953
2007-07-01,57.124812903225816,0.9670699032258064,25.986228096774195,0.967741935483871,-3.024123967741937,0.9704300967741936,8.269576129032258,7.96523,5.24121741935484,4.818084193548388,0.6672663346452945,,,0.7821695130757933,,0.30640120972584284,,,0.47290348780860164,,0.13253055098040942,,,0.23386983763774707,,0.4181969427351089,,,0.545210386674767,,17.009222721859256,17.463575360698027,0.2678863755341421,198.33930672752012,349.14575524917626,114.41980658874348,1010.6919820591454,0.0046783555258146,4.515317409369337,385.3742764248006,0.5166254218222722,0.26775106334561505,63.23163427633452,0.3065105933421554,13.165573536134064,15.0,13.48312370239969,2007,7,51.30761,4.51984,0.25800151215730355,,,0.466129359760752,,5,-3,8.610039905789098,6.159178447905673,-2.4508614578834242,86.22109907809532
2007-08-01,48.22876967741934,1.0,28.18681193548387,1.0,-1.8608539354838713,0.9966398064516129,6.485477096774193,6.908987419354841,4.683451290322581,5.069269032258064,0.7654576491623061,0.7065911201426478,,0.7449416178719978,,0.39696358678903265,0.34181247847712426,,0.41987832146865317,,0.1851343303191071,0.15317483167450016,,0.1998455195371382,,0.5268926099162875,0.46216117688155933,,0.5040546366051133,,16.954700114918325,17.371716450732265,0.23827834197179326,165.19790219036236,351.14884987977126,89.46321322736223,1013.5807141662123,0.0019044486710904215,4.389299080325202,383.6933576683465,0.5282016310461193,0.26771186198454355,62.408788261308395,0.30574789791622564,13.165573536134064,15.0,13.48312370239969,2007,8,51.30761,4.51984,0.37120448348629087,0.3022655980964053,,0.3998479018358164,,5,-3,5.808017101351657,5.0838781665563895,-0.7241389347952678,62.694199522530624
2007-09-01,16.395723999999998,0.88125001,13.794148666666667,0.88125001,-0.8013593633333334,0.8736111433333333,2.8228927,3.437683266666667,1.9749670099999999,2.6059093666666664,0.7383977853448758,0.618820994847326,,0.7619774338749521,,0.34976627466799826,0.3615723463627097,,0.4046452361991337,,0.15674379149671247,0.166302894551306,,0.1896906384593602,,0.49693763640702165,0.3652574643185652,,0.5230240308949925,,14.352132205222402,14.732502332359793,0.22899683609180035,112.02477716954473,341.8335262704202,51.64539492669898,1018.1458341604629,0.001977601627331077,3.4095614545013904,385.99422804838406,0.5654401012373453,0.27067684416766863,64.13006155851826,0.26618972264312196,13.165573536134064,15.0,13.48312370239969,2007,9,51.30761,4.51984,0.3122078433349978,0.3269654329533871,,0.38080654524891705,,5,-3,3.006924934492456,4.176366356175538,1.1694414216830817,34.818731004114795
2007-10-01,12.253852722580644,1.0,14.501290483870966,0.9993279677419354,0.4004254193548387,0.9959677741935484,2.1662586580645162,2.1652878064516132,2.5882544838709673,2.381954161290323,,0.680926057495772,,0.7096808850600248,,,0.30663833260034196,,0.33892270718644113,,,0.1322246329192057,,0.15056161848833446,,,0.4330627511537113,,0.4650070150725147,,10.609962813061506,11.039803581092709,0.25550200207427376,69.34593877694357,325.2615485696269,19.656531543858854,1022.4453715640951,0.0017876259561327142,2.0429537679776923,400.8109982194213,0.5147040746764162,0.2701253460139663,65.11919258314269,0.19848824132171997,13.165573536134064,15.0,13.48312370239969,2007,10,51.30761,4.51984,,0.25829791575042743,,0.2986533839830514,,5,-3,0.43985404660241334,2.486493727172719,2.0466396805703058,10.128169013997931
2007-11-01,3.728438199999999,1.0,-18.871561100000005,1.0,1.8319095666666667,1.0,0.9582523666666666,1.1632394333333336,2.8009853333333328,3.3881913333333333,,,,0.6138145092464778,,,,,0.23639060728504865,,,,,0.09501136879796286,,,,,0.35998100227807334,,6.782750725109238,6.734267984263899,0.2744709633678432,38.61131175271229,304.0116108247599,-5.941649445558756,1017.8930022990315,0.0019617464271846244,1.445956007390797,397.79907825115663,0.35388840140395667,0.25261871286548815,67.29628317775378,0.11604428963400015,13.165573536134064,15.0,13.48312370239969,2007,11,51.30761,4.51984,,,,0.17048825910631082,,5,-3,-1.2329535857803304,0.820747696908206,2.0537012826885364,-1.2759441823175859
2007-12-01,1.6743543967741934,1.0,-12.547499261290321,1.0,1.3910898709677422,0.9973118387096774,0.5330303912903226,0.7709683870967743,1.8703751612903228,2.3122370322580648,,,,0.597152260140831,,,,,0.22478191299002698,,,,,0.08903946960605356,,,,,0.3423830102264646,,3.87269677534333,3.773368760099873,0.27943462579817696,28.894054618164915,285.34654907648763,-18.687399705388042,1019.9842057212111,0.00227477394759451,1.1213020395595354,406.4666759006932,0.40096821277975997,0.23376244490507078,71.10886389293371,0.044421283367087616,13.165573536134064,15.0,13.48312370239969,2007,12,51.30761,4.51984,,,,0.1559773912375337,,5,-3,-1.5625548546372903,0.4934350756522667,2.055989930289557,-1.2759441823175859
2008-01-01,1.3969945083870967,1.0,-4.123078838709676,1.0,1.644311383870968,1.0,0.604341845483871,0.7259584838709677,2.195297096774194,2.7393781612903223,,,,0.5643017874339181,,,,,0.19814167737825988,,,,,0.07697250997779344,,,,,0.30898419637638586,,6.341947314089454,5.745786975144978,0.28465464185008504,29.804681642289072,302.2982501654839,-12.846235624095367,1013.9024872906014,0.002338706660313355,1.5886943810581953,397.7307341372451,0.2643114000992743,0.2488938956580131,70.95503062098174,0.10569122214762856,13.165573536134064,15.0,13.48312370239969,2008,1,51.30761,4.51984,,,,0.12267709672282484,,5,-1,-1.5616467258188134,0.4208774354270682,1.9825241612458815,-1.2759441823175859
2008-02-01,7.589064758620689,0.7758620793103448,-0.9523999999999999,0.7765804586206897,1.487142006896552,0.7485632413793104,1.4648082344827587,1.456405448275862,2.6764389655172414,1.8489986206896547,,0.5634687920475252,,0.574507185832353,,,0.2559016098259796,,0.2279974475092734,,,0.10489765047274656,,0.09047259738376788,,,0.30724201709071064,,0.3188599955904458,,5.017296366968892,4.489881432547712,0.26798421004279954,72.45907193696218,279.13978779525775,7.449635996195507,1023.12387661647,0.0014333796476222775,1.706764543931719,407.62147060378413,0.5287891663054382,0.24015046571683563,78.63823588333965,0.07351348891017885,13.165573536134064,15.0,13.48312370239969,2008,2,51.30761,4.51984,,0.19487701228247448,,0.15999680938659172,,5,-1,-0.6187464460980691,0.5983993969232779,1.2171458430213469,1.4288047584508732
2008-03-01,10.83879235483871,0.9986559032258064,15.301928999999996,0.9986559032258064,0.644799735483871,0.9966397741935483,1.816443516129032,2.1344154516129037,2.52309806451613,3.054818387096775,0.4097400467686687,,,0.5895538381473671,,0.22815485885943385,,,0.23027270072704586,,0.09387630341387132,,,0.09200064753443488,,0.1663271348784191,,,0.33455797762127326,,6.088817419211787,6.215102421004476,0.2938738359327202,106.58716329211353,293.3615578638837,41.23044953847513,1004.7097200362366,0.003907455240394881,2.149722825161823,395.95395593725766,0.32281074240719904,0.24416226352060966,79.32523488793984,0.09966594650405028,13.165573536134064,15.0,13.48312370239969,2008,3,51.30761,4.51984,0.16019357357429231,,,0.16284087590880733,,5,-1,0.1874953523374123,0.7060932074719887,0.5185978551345763,14.82688282567416
2008-04-01,20.223299666666662,0.9986111333333334,66.04896466666666,0.9993055666666667,-0.4522149066666667,0.9729166666666667,3.596231,3.630704666666667,3.1818839999999997,3.2725766666666667,,0.641841490208717,,0.5755359489106538,,,0.2855620393861859,,0.289721392110482,,,0.12061795822561648,,0.123752402057081,,,0.39013666576752415,,0.32058676241871026,,8.760371323162671,9.130685128208688,0.2524860014738859,175.70255383121332,294.99501088352656,86.44845825436329,1009.869057340922,0.001491098022264275,3.081221478665934,400.4673073233713,0.4342800899887514,0.25702289100005865,81.23952952520818,0.16031240168901215,13.165573536134064,15.0,13.48312370239969,2008,4,51.30761,4.51984,,0.23195254923273237,,0.23715174013810247,,5,-1,3.087710145088615,1.6260146830582671,-1.4616954620303477,33.90596411544336
2008-05-01,27.740042193548383,0.9979839032258064,78.04149290322582,1.0,-1.8892145322580645,0.9899193548387096,5.007995709677421,5.722209741935483,3.129248225806452,4.265307161290322,,,,0.7348204124938963,,,,,0.4381683909934888,,,,,0.21226132827695318,,,,,0.49293774275333235,,15.984719799394275,16.24792666975828,0.19380832891297461,224.51751272733304,328.24040969884015,121.1581277072047,1013.8782065424062,0.0021697541543526247,6.71840027892599,400.70391462306407,0.6439734318924419,0.26552842204881816,78.88128235511641,0.2917262874123882,13.165573536134064,15.0,13.48312370239969,2008,5,51.30761,4.51984,,,,0.422710488741861,,5,-1,8.974628006777092,5.215551500989426,-3.7590765057876654,82.12550538967001
2008-06-01,44.414018906666655,1.0,48.562499666666675,1.0,-3.6441536333333335,0.9951389,8.716084333333333,8.445376333333334,4.864740333333332,5.1051763333333335,,,,0.7704904075312765,,,,,0.4830105698187729,,,,,0.2412679877938604,,,,,0.5324942208413177,,16.13532217114375,16.88176257321643,0.22348994007388878,217.40110007918688,341.02692365319854,124.2659666625713,1014.9655323487694,0.0022069877069453058,4.930398836165332,394.60326520216177,0.6727085676790401,0.2691204877789801,69.3944884658908,0.2939595733003714,13.165573536134064,15.0,13.48312370239969,2008,6,51.30761,4.51984,,,,0.47876321227346613,,5,-1,9.873636498714232,6.127943055392804,-3.7456934433214277,90.24844371523547
2008-07-01,55.920335483870964,0.9240591387096774,34.484847096774196,0.9240591387096774,-3.2861647645161294,0.9200268806451612,7.273089677419354,8.918437419354838,3.843624051612903,5.3890732258064515,,0.6255989004201407,,0.7742490495370431,,,0.406472879018571,,0.4688550416237729,,,0.19665728277026318,,0.23128066869730357,,,0.3725441232744593,,0.5366587410083208,,17.972756226366474,18.442656043964035,0.21114567519762073,199.96593032641223,354.799623126878,114.6624432032333,1013.2086113107512,0.00268649517532506,5.34805904548392,389.5040127875722,0.5291994750656168,0.2658021379971225,65.14671917532952,0.3195419930782052,13.165573536134064,15.0,13.48312370239969,2008,7,51.30761,4.51984,,0.3830910987732138,,0.4610688020297161,,5,-1,8.606340496419346,6.365882845144362,-2.2404576512749843,86.81044934057627
2008-08-01,43.102653548387096,0.9979838709677419,16.71979451612903,0.9979838709677419,-1.9860913161290323,0.9926075483870967,6.31014,6.999094516129031,4.284867741935483,5.073484580645161,0.7148823656281962,,,0.763398283405864,,0.3703881433355052,,,0.4360496042081416,,0.16997817032554774,,,0.2097875916541064,,0.4709162358116622,,,0.5246563720413776,,17.65726861150143,17.983734783422378,0.24081418259182402,160.50396556514966,355.7010931667329,86.75743380670511,1010.9672310566812,0.003134949474806163,4.781476331751098,384.19347517814055,0.6057651722106165,0.26615216353469445,62.54417571977393,0.3153683365169203,13.165573536134064,15.0,13.48312370239969,2008,8,51.30761,4.51984,0.33798517916938153,,,0.42006200526017695,,5,-1,5.876944083668511,5.5820927374369145,-0.2948513462315967,63.72892245369974
2008-09-01,21.907918223333336,0.9986111,20.368855686666663,0.9993055666666667,-0.5805310522333332,0.9979166666666667,3.701684233333333,4.109660466666666,3.1049269,3.8981687000000007,0.6832828472147698,0.7644723198362511,,0.7628124812836555,,0.3418101802368188,0.2962426271453106,,0.4092765208316273,,0.15230538357954124,0.13251537146169579,,0.1924834004501027,,0.43567128301207536,0.5254444512890918,,0.5240008172335856,,13.950304497672724,14.421886926935649,0.21754674036815905,121.68906537540525,329.5379347655566,50.41450746875504,1016.440760571404,0.0017225506596165849,3.6732219341528674,389.374963694164,0.7435264341957255,0.26990707221735877,67.63589626605052,0.25953182771899874,13.165573536134064,15.0,13.48312370239969,2008,9,51.30761,4.51984,0.3022627252960235,0.24530328393163822,,0.3865956510395341,,5,-1,3.4818353743390964,4.1674609852023705,0.6856256108632741,33.700337433329196
2008-10-01,15.562961322580646,0.9986559032258064,-4.560203225806451,1.0,0.48565303225806455,0.9986559032258064,2.8907085483870962,3.358043225806452,3.3420441935483867,4.075433870967743,0.3053174714854151,,,0.6685158905458564,,0.14898195821908214,,,0.327943294314901,,0.05478735139216388,,,0.1447108856228279,,0.09294967815477788,,,0.41985569480445284,,10.388680307291509,10.643167266936796,0.24839996740615256,74.81020438053734,314.9232689911358,16.561927553191065,1014.2048038251504,0.0019290629516293238,2.172924581878665,392.16937676790104,0.606396474890224,0.26682873469770846,65.8240122415982,0.1940851646815558,13.165573536134064,15.0,13.48312370239969,2008,10,51.30761,4.51984,0.06122744777385267,,,0.28492911789362624,,5,-1,0.5171756014931542,2.314561456941418,1.7973858554482636,7.506648516720578
2008-11-01,3.4848541466666676,0.9993055666666667,-6.495176683333335,0.9993055666666667,1.6229744333333331,1.0,0.9159927666666666,1.1996368333333332,2.556837666666667,3.0533686666666657,,,,0.5946948732360777,,,,,0.2571156969175317,,,,,0.10584805837044121,,,,,0.34109246884827293,,7.109381094713071,7.191127993848005,0.2691305732555795,33.9099751371742,312.4085233723032,-4.471790323620096,1011.8847336557193,0.00206651957573834,1.4197744067262112,399.2099884000777,0.26330112134196376,0.25503671938973616,66.26550420945907,0.12360154587281615,13.165573536134064,15.0,13.48312370239969,2008,11,51.30761,4.51984,,,,0.19639462114691464,,5,-1,-1.2618659743716825,1.0731676415506108,2.3350336159222933,-1.2759441823175859
2008-12-01,0.7659584903225806,1.0,-2.896041777419355,1.0,1.0131169161290325,0.9973118387096774,0.27607040967741936,0.41255077419354846,1.279225187483871,1.8176160000000006,,,,0.609555887963451,,,,,0.21620147771636905,,,,,0.0850138738325459,,,,,0.3558795780405703,,2.5607191614950287,2.921094239086637,0.26663862703832364,28.66910573054317,282.222092350476,-16.683845912944978,1016.9912151538696,0.0008231704149272229,0.795250681743834,407.4703314712967,0.27210590334090173,0.22408202017705348,66.71153718682595,0.009605859561305132,13.165573536134064,15.0,13.48312370239969,2008,12,51.30761,4.51984,,,,0.1452518471454613,,5,-1,-1.622343183320569,0.33903796345521187,1.961381146775781,-1.2759441823175859
2009-01-01,0.39824164516129035,0.9993279677419354,-2.960969451612903,1.0,-0.1602451838709678,0.9905913870967742,0.4963621548387098,0.5911555935483871,0.5394144116412902,1.1727493870967742,,,,0.46843848514009295,,,,,0.185070135565853,,,,,0.07281925096539582,,,,,0.24083792304492538,,0.6605492683444015,0.5493023301371925,0.267974437876453,37.98406896745229,269.4321870566476,-12.74595384369154,1012.5295551365679,0.0018177160696359576,0.9521134956905869,410.56066437349654,0.3033179321271249,0.20441699693476997,77.81302986960705,0.0,13.165573536134064,15.0,13.48312370239969,2009,1,51.30761,4.51984,,,,0.10633766945731624,,5,2,-1.608115001217651,0.03348217808562573,1.6415971793032769,-1.2759441823175859
2009-02-01,1.9366090714285715,1.0,-1.3697209535714292,1.0,1.3228506250000003,1.0,0.3320760321428572,1.1869628571428574,1.6907460714285716,3.2849403571428577,,,,0.5740706209637453,,,,,0.19855169895293265,,,,,0.07620268590022036,,,,,0.3182342118526339,,3.228508727040122,2.6928231598677774,0.2836916500997978,44.91389776969429,296.23703668914675,7.234892117517107,1013.171015584932,0.0021463360591504376,1.0324437016546402,403.5124272575035,0.1987127418740813,0.22831855574892695,70.5631848672916,0.02752279396039289,13.165573536134064,15.0,13.48312370239969,2009,2,51.30761,4.51984,,,,0.1231896236911658,,5,2,-1.3762020006754154,0.22233882770361266,1.5985408283790281,1.1969163251052657
2009-03-01,12.007144516129033,0.9610215483870969,20.616690645161288,0.9643817419354839,0.22920308387096777,0.9307795806451613,1.9712770000000004,2.2897983548387097,2.2032638709677417,2.3464240000000003,0.40689204315522004,,,0.5605500228452652,,0.20714226923976373,,,0.2314688771690858,,0.08264505224242936,,,0.092187099901366,,0.16427284339154766,,,0.3043789982723174,,6.246498362289537,6.206075639738139,0.2626669930816149,109.6321748606584,290.57696658656454,41.856093843513946,1013.4378975499702,0.001805082035498812,2.0361181455282495,400.78554142786635,0.3950154668166479,0.24651981181855492,78.22307357453279,0.10342610119539108,13.165573536134064,15.0,13.48312370239969,2009,3,51.30761,4.51984,0.13392783654970464,,,0.16433609646135722,,5,2,0.29322518890595534,0.7216770285552756,0.42845183964932027,13.927299487811153
2009-04-01,26.700888666666668,0.84097221,64.32684999999998,0.83888891,-0.7840624266666666,0.8312500433333334,4.072415333333334,4.232357666666667,3.382865666666666,3.2521868666666665,,0.6419631108850884,,0.6104798775119845,,,0.28284343484233376,,0.2964289882238095,,,0.11914367890931742,,0.1272024317836659,,,0.39026841305600785,,0.3568394165793133,,11.826926187543025,11.919754142401528,0.23493920349566355,178.33702324682002,311.2790498074884,89.33121627367356,1012.6802103500715,0.0013686744777162167,3.4417561501571936,404.0222128444979,0.5287273019443998,0.26907309480654723,75.1752314668346,0.22190560695505554,13.165573536134064,15.0,13.48312370239969,2009,4,51.30761,4.51984,,0.2285542935529172,,0.24553623527976184,,5,2,3.7007330444777193,2.0791227974802524,-1.621610246997467,41.74971136164197
2009-05-01,40.25476387096774,0.9993279677419354,63.631716129032256,1.0,-2.5692375161290326,0.9959677741935484,6.501188387096774,6.8617599999999985,3.9701229032258065,4.3338674193548385,,,,0.695517103193516,,,,,0.4275323977285051,,,,,0.20726159046234097,,,,,0.44995951944526824,,13.989792129808226,14.237543248913706,0.22140344194031253,203.774752635374,325.63911319376547,111.84456311774068,1017.5221697023999,0.0019129059696714054,4.66161808914608,399.317529006876,0.4696128608923884,0.26904232335248174,75.3028557656632,0.2601926207881589,13.165573536134064,15.0,13.48312370239969,2009,5,51.30761,4.51984,,,,0.4094154971606313,,5,2,7.66359677650677,4.583900320656369,-3.079696455850401,67.10074549273364
2009-06-01,59.26391666666667,0.9972222333333334,68.58367000000001,0.9979166666666667,-4.053555566666667,0.9972222333333334,8.278506666666667,8.91125666666667,4.186031666666667,4.923256666666665,,0.6530584010629775,,0.7746920061456802,,,0.2278040280309152,,0.4835269107126198,,,0.09111566298441143,,0.24141868402846844,,,0.40237982342259365,,0.5371511887254192,,15.795194737854965,16.501530347487936,0.19955965200952935,227.2942121380471,334.8173943643221,128.22705387789813,1015.5193864256712,0.0021771726566311026,5.36263448712969,395.38265400794575,0.6744680352455943,0.2678220371579142,72.60646154407054,0.28888643498563493,13.165573536134064,15.0,13.48312370239969,2009,6,51.30761,4.51984,,0.159755035038644,,0.47940863839077474,,5,2,10.350558269996974,6.032910701856146,-4.317647568140828,93.20628923852927
2009-07-01,58.850306451612894,0.9704300967741936,41.899061516129024,0.9704300967741936,-3.1526922603225804,0.9690860322580646,8.561295483870968,8.657829677419356,5.491013548387097,5.085977741935484,0.6592727528035771,,,0.7690127279527718,,0.32233791066373274,,,0.4661953507581134,,0.14310653039478685,,,0.2297106571769255,,0.41178929139301884,,,0.5308517025085283,,18.367144728886636,18.963136924635034,0.20479340833057155,213.9252804137551,351.7898240209742,121.7177833728365,1012.0984326346248,0.002984370885052853,6.438252315277393,389.9362782919486,0.5320938454121806,0.26233790538236373,68.47411803218924,0.32463184248604005,13.165573536134064,15.0,13.48312370239969,2009,7,51.30761,4.51984,0.2779223883296659,,,0.45774418844764175,,5,2,9.192921702683824,6.435076801143634,-2.7578449015401905,92.05326748840164
2009-08-01,60.07622903225806,1.0,53.282849032258056,1.0,-2.6351691774193546,0.9845430322580644,8.65141677419355,9.066085806451612,5.945249354838711,5.975983225806451,0.7627772789420245,,,0.7556109319334027,,0.37835246097432307,,,0.4336481054875063,,0.1735393564018755,,,0.2083888586350404,,0.5239936425453755,,,0.516054233526461,,19.266450142759357,19.776085629778546,0.15402421725693566,197.90949053467767,350.6646854254913,103.16628921441398,1015.4245688617309,0.0012061096191579408,8.043585430430229,389.8314006049852,0.735297619047619,0.25694992562264857,71.12984177386979,0.33570771289653056,13.165573536134064,15.0,13.48312370239969,2009,8,51.30761,4.51984,0.34794057621790386,,,0.41706013185938295,,5,2,7.497627358206662,5.987313017677011,-1.5103143405296509,77.21804657370943
2009-09-01,30.299243,0.9993055666666667,26.21535766666667,1.0,-1.4765609866666665,0.9881944333333333,5.625445,6.408222333333333,4.102150333333334,5.378527666666666,0.7019018490915763,0.7805481446253733,,0.7390315385029848,,0.34193931021491214,0.3781207884632607,,0.3992675409009525,,0.15229374324511966,0.17341805725310483,,0.18663677162928788,,0.45638065308954656,0.5436027477097504,,0.49763814042783544,,16.004795736558965,16.63350587183371,0.13712439592063888,128.34795876986456,341.4790901898614,55.15292667586006,1019.5663591269899,0.0007775380027800247,5.013266159800846,388.5510834385674,0.6816076115485564,0.2670850708820087,68.96418395093458,0.2920251882840944,13.165573536134064,15.0,13.48312370239969,2009,9,51.30761,4.51984,0.3024241377686402,0.3476509855790759,,0.37408442612619064,,5,2,3.6835300951442154,4.453164069489682,0.7696339743454663,37.00412457203124
2009-10-01,12.99838012903226,0.9388441290322581,1.5315384838709671,0.9993279677419354,0.8155892483870967,0.9146506129032259,2.9306710322580645,2.944306774193549,3.6563203225806458,3.3297698387096784,0.5173731432900174,,,0.6933248479867921,,0.17752470086328953,,,0.33365210034459913,,0.06599158053050154,,,0.1476922595386591,,0.2614600670086876,,,0.44727108453133413,,11.517467959360314,11.822203737956782,0.22233916281307242,74.57787334165722,324.16658146730134,19.312273762331152,1015.6548697730198,0.0025140258608989025,2.8300045165642396,394.231111497026,0.5796924656229441,0.26842109088535543,69.2801303416368,0.21607887057759592,13.165573536134064,15.0,13.48312370239969,2009,10,51.30761,4.51984,0.09690587607911191,,,0.2920651254307489,,5,2,0.5996029533866959,2.5506706638257017,1.951067710439006,9.81866211453339
2009-11-01,2.0475588,0.9888889,-9.525327733333334,0.9875,2.4035483999999996,0.9944444333333333,0.9416100733333334,1.4420744666666667,3.356223666666666,4.7360750000000005,0.664997638166398,,,0.6397369773646627,,0.33639945443468233,,,0.2665472167670421,,0.14932068726417946,,,0.11057155258325756,,0.4154844429892076,,,0.38821844995051497,,9.565978197279673,9.385621931801667,0.27487551360124945,37.650839739680755,312.4595717368125,-11.74744044927376,1003.7009116966098,0.003435688887508858,2.114377548675812,395.7499255182786,0.3162938736439056,0.2641785219683128,68.3251668266084,0.17732357962332287,13.165573536134064,15.0,13.48312370239969,2009,11,51.30761,4.51984,0.2954993180433529,,,0.20818402095880265,,5,2,-1.0672265127486549,1.4136689188624565,2.4808954316111116,-1.2759441823175859
2009-12-01,0.3770750612903224,0.998655935483871,-12.968704419354838,0.9959677419354839,2.1657356129032257,0.8891129032258065,0.3346306387096774,0.9750023225806453,2.4751926774193556,4.123162258064517,,,,0.4217038802822079,,,,,0.1822594173347251,,,,,0.07228372991448008,,,,,0.20520652616984467,,2.6110974550417394,3.032588488613031,0.28590946638352366,25.008922160674846,286.08978602286294,-18.17157540037167,1005.6696835887858,0.0030025886560588137,0.9270472861569807,402.6615799354135,0.2530051897502433,0.22320758885100667,69.70953082194583,0.010971696557544612,13.165573536134064,15.0,13.48312370239969,2009,12,51.30761,4.51984,,,,0.10282427166840635,,5,2,-1.7582786827702301,0.12052384291648081,1.878802525686711,-1.2759441823175859
2010-01-01,1.1973474193548388,1.0,2.895910354838708,1.0,1.5822033935483872,1.0,0.4278952806451613,0.6167729206451614,2.0092487096774194,1.996888258064516,,,,0.40101797917458815,,,,,0.16722869940734902,,,,,0.06430117254224604,,,,,0.18591942545208087,,-0.23816194542802344,0.3004181037886504,0.2807191962155842,33.754531114610856,276.53906939994323,-8.44374495042221,1013.7281495584413,0.0015785672699755824,0.7200333105960157,415.54928677625725,0.2510720130888432,0.19629026517522588,74.20544419031339,0.0,13.165573536134064,15.0,13.48312370239969,2010,1,51.30761,4.51984,,,,0.08403587425918627,,5,-3,-1.7280213911929705,-0.1404761588582339,1.5875452323347365,-1.2759441823175859
2010-02-01,1.76562025,1.0,3.3724696428571432,1.0,1.8830770357142854,1.0,0.3431584214285714,0.7565311767857142,2.215034285714286,3.1012371428571432,,,,0.5713540096268713,,,,,0.22079291393455902,,,,,0.0869600057663418,,,,,0.3154563498065135,,1.9684908326328565,1.7906754162885485,0.29023307248914154,52.23199506506866,285.9448533912203,7.3380548100453185,1002.2822377753303,0.0031523775640009285,1.1041289519739155,405.85771302239823,0.18805057273073794,0.21639775854598095,76.84363708307643,0.0,13.165573536134064,15.0,13.48312370239969,2010,2,51.30761,4.51984,,,,0.15099114241819878,,5,-3,-1.2222861853387657,0.3370034699320931,1.5592896552708588,1.1064311293043043
2010-03-01,11.053210516129031,1.0,35.4346475483871,1.0,0.9608851402935483,0.998655935483871,1.8670526774193548,2.0321588387096776,2.8445100000000005,3.0308808709677426,,,,0.5220640692109694,,,,,0.2128049565030844,,,,,0.08289585164218823,,,,,0.26609316999226523,,6.112395484678144,5.7745832153498835,0.2711489944441433,111.35228772221102,289.4920086596249,42.688641679050924,1015.8374989722702,0.0017881738327688837,2.294297704176925,402.65071648412254,0.34471550431196096,0.24476812589719804,82.19265026573942,0.10022964438714611,13.165573536134064,15.0,13.48312370239969,2010,3,51.30761,4.51984,,,,0.1410061956288555,,5,-3,0.11335177279357263,0.5252440633912571,0.41189229059768445,12.517900714959982
2010-04-01,22.025438333333337,1.0,70.15696533333333,1.0,-0.39406254263333335,1.0,3.7848813333333324,3.8405500000000004,3.4077516666666674,3.3016218666666663,0.5471603543368895,0.6390479280817236,,0.5586419822656261,,0.22564844063139602,0.29754495814150533,,0.27223246391866357,,0.09004632678776259,0.12725888084102255,,0.11401088233635731,,0.2930185947779171,0.3872135465498496,,0.30238031815471944,,9.312385057322984,9.741470351556268,0.2196358078422503,196.60821642271475,287.77441264527994,94.32161918661312,1018.211750780899,0.0008875838957126104,3.588671089553138,406.12425129441743,0.5320622422197225,0.2589907047145394,84.6545287798842,0.1720325160916652,13.165573536134064,15.0,13.48312370239969,2010,4,51.30761,4.51984,0.15706055078924502,0.24693119767688165,,0.21529057989832945,,5,-3,3.429236490371855,1.4661112048747058,-1.9631252854971493,35.93959797309877
2010-05-01,33.02532267741936,1.0,57.4780666451613,1.0,-1.8876016774193551,1.0,5.731550967741936,6.0516958064516135,3.907520322580646,4.012701516129032,0.5468876112217451,,,0.6888622563215987,,0.23778020070149913,,,0.40501071742350436,,0.0985644487031796,,,0.1923133924192655,,0.3028224475091986,,,0.4428180910226826,,10.648593025750223,11.373886758666082,0.22044937251043242,185.9079884595657,313.77686045219207,100.89360616291809,1014.555768965656,0.0021763754119859934,3.4744074239135205,402.50492315522973,0.47186586051743523,0.26446619319485254,78.76365577883728,0.19925232852842054,13.165573536134064,15.0,13.48312370239969,2010,5,51.30761,4.51984,0.1722252508768739,,,0.3812633967793805,,5,-3,5.954837107300291,3.4986733309655618,-2.456163776334729,54.92389739064037
2010-06-01,55.40398666666666,0.9979166666666667,80.22384666666667,0.9986111333333334,-3.2465859966666666,0.9895833666666667,8.324051333333333,9.273528000000002,4.897741,6.082243999999999,0.5375874377732176,,,0.7525241774848451,,0.3331427787789728,,,0.46271300668919957,,0.15247751621714595,,,0.22797633310023072,,0.2812143865030435,,,0.5126277834121028,,16.865204447839332,17.65152029317899,0.1680473892691427,247.62361779554797,334.0384891721224,137.50688240255016,1015.1666715068435,0.0011561640061084426,6.46787425438552,399.82846915769744,0.553875140607424,0.2661869165531033,74.96031400619142,0.30449010341204535,13.165573536134064,15.0,13.48312370239969,2010,6,51.30761,4.51984,0.291428473473716,,,0.4533912583614995,,5,-3,10.912133327263895,5.933892751722335,-4.97824057554156,98.24198615624579
2010-07-01,55.36875483870967,0.8071236451612903,86.60417096774192,0.8024193870967742,-2.121367193548387,0.7627688064516129,7.5421464516129015,6.770767419354841,5.315326774193549,4.52013741935484,0.7308695198887236,,,0.739695946413935,,0.388542041060184,,,0.43801666165946646,,0.1799871713315133,,,0.21169334989488742,,0.4885623973525964,,,0.4983703750238815,,20.381703054461806,21.398725017358192,0.14511082774875236,229.00514152909017,359.1643341025245,127.53023626016211,1014.7616232329385,0.002015191895923848,8.718231137836181,396.57636900733274,0.6470319781455889,0.25566264921775356,71.11398878450291,0.34841916752334706,13.165573536134064,15.0,13.48312370239969,2010,7,51.30761,4.51984,0.36067755132523,,,0.422520827074333,,5,-3,9.146263785330568,6.4350886975853285,-2.7111750877452394,94.78962489303937
2010-08-01,40.78156451612903,0.9932795806451613,23.894559677419345,1.0,-1.3517545612903221,0.9892473548387097,5.462930000000001,5.807728064516128,4.0702433225806445,4.4420120645161285,,0.7960955077184526,,0.7422896347828235,,,0.38462202876343193,,0.4116332316144321,,,0.17732330222886067,,0.1945656781931239,,,0.5606413593224242,,0.5012505709528469,,17.17519675612688,17.750916529514832,0.23211003602360278,161.5915423415758,354.2448782155484,87.78717517229883,1012.206675535534,0.00462228820930638,4.6799635126415815,390.1044286572538,0.5628158980127485,0.26860647032886464,64.41223217149548,0.3088156589668148,13.165573536134064,15.0,13.48312370239969,2010,8,51.30761,4.51984,,0.35577753595428985,,0.38954153951804016,,5,-3,5.515139245014453,4.973908686420001,-0.5412305585944521,61.45734874219002
2010-09-01,31.631158999999993,0.9993055666666667,16.907393533333337,1.0,-0.899095077,0.9958333333333333,5.395659333333334,6.0777276666666635,4.498657666666667,5.763284999999999,0.6567431199142691,0.8127909441919222,,0.7384284809647396,,0.34141198818812973,0.3805741811154434,,0.3940724972607716,,0.15328791431604924,0.17506556847679644,,0.18339804348851,,0.40769883973758847,0.5787819367077471,,0.49695978662507917,,14.068357870022664,14.49278313789404,0.2627393056011092,117.32588604700973,337.3701828427795,53.01376441051655,1013.6283417127213,0.0027520802930228487,3.1104496451041084,393.4591730919129,0.6237335958005249,0.27336768427662606,64.16835171640791,0.26150312649531066,13.165573536134064,15.0,13.48312370239969,2010,9,51.30761,4.51984,0.30176498523516215,0.35071772639430426,,0.36759062157596445,,5,-3,3.142844567546053,3.941320718896952,0.7984761513508989,34.00219364433998
2010-10-01,15.402051935483868,1.0,9.318557096774192,1.0,0.6832897125806453,1.0,2.7983441935483873,3.3661519354838716,3.4980303225806453,4.685996451612903,0.6266714916219543,0.7005439980522402,,0.7197806042068619,,0.20816728441860607,0.38624574421385377,,0.34656536826766093,,0.08135939011250026,0.17916011702755802,,0.15489973536161986,,0.37370030027166373,0.45482092843397454,,0.4762206486627895,,10.865519850660283,11.014567811579939,0.2644872810087828,80.04446213496783,315.97421712540563,19.94814474771235,1012.3540868612195,0.0021313836623790775,2.5886369651917707,398.4846107853276,0.6580842380115923,0.2680343769710476,69.84202689441612,0.20351777036938476,13.165573536134064,15.0,13.48312370239969,2010,10,51.30761,4.51984,0.1352091055232576,0.35780718026731717,,0.30820671033457614,,5,-3,0.8901186522242823,2.6297410060261854,1.739622353801903,10.60365581225904
2010-11-01,2.19216736,0.9993055666666667,-10.48131603333333,1.0,1.5118590066666673,1.0,0.8666939033333333,1.1903630699999996,2.403529333333333,3.006766333333333,,,,0.5695110551961675,,,,,0.2212828285375456,,,,,0.08847598594604886,,,,,0.3159713210754436,,6.190149131980354,6.715450902594122,0.2845979672998155,33.82239670127197,311.29754265993256,-2.23654329527532,1004.5855276019523,0.0034512488986488885,1.29667612533914,405.788756679373,0.21702975430759414,0.25053770190733593,67.98841620027608,0.10208496604316675,13.165573536134064,15.0,13.48312370239969,2010,11,51.30761,4.51984,,,,0.151603535671932,,5,-3,-1.406216913661762,0.642766570909927,2.0489834845716888,-1.2759441823175859
2010-12-01,0.6801611903225807,1.0,-1.2353926935483872,1.0,1.923501,0.9993279677419354,0.386690635483871,0.3215270935483871,2.318960967741935,2.291800419354839,,,,0.31746593994840544,,,,,0.11251676237751884,,,,,0.04241202810624784,,,,,0.11776783773489685,,-1.1275593078570776,-0.1728482038097189,0.2783833436540222,26.1227806146893,277.2810239987991,-12.734427273545053,1012.1216556290811,0.0018899822416211026,0.6192259761453153,415.30600949855193,0.29523597145637365,0.18660963267077618,73.070821134805,0.0,13.165573536134064,15.0,13.48312370239969,2010,12,51.30761,4.51984,,,,0.015645952971898545,,5,-3,-1.93194660450689,-0.5031260780623351,1.428820526444555,-1.2759441823175859
2011-01-01,0.9364936870967743,0.8891129032258065,-5.114839354838712,0.8931451612903226,2.2159660967741943,0.8817204193548387,0.19736983561290325,0.8381100483870968,2.411683548387098,3.745410129032258,0.6228312213744263,,,0.5558078188889393,,0.2562775636489733,,,0.2037834742259411,,0.10502977641311093,,,0.07858125232457872,,0.3695645975548226,,,0.3001849071195515,,3.4700682520314396,3.118917319044057,0.29368308803475063,29.61622270539927,292.57250559357004,-10.257799185333143,1017.2603587192275,0.0024771974527150677,0.8633346160386316,405.1616379960103,0.3945971905809097,0.2316899197561509,65.67173324115609,0.033903768188175996,13.165573536134064,15.0,13.48312370239969,2011,1,51.30761,4.51984,0.19534695456121662,,,0.12972934278242637,,5,-2,-1.6109040732463582,0.27858124238164356,1.8894853156280018,-1.2759441823175859
2011-02-01,4.401845989285714,1.0,-6.77862857142857,1.0,2.4395909214285716,0.9940476071428571,1.1434806499999997,1.2692464857142858,3.581037500000001,3.8884418214285708,,,,0.5548889657728143,,,,,0.21820185397614075,,,,,0.0855074394126656,,,,,0.2986189983506825,,5.082209892364643,4.634556012476968,0.269729017227415,53.99504472502805,302.2938722865225,12.030516871252969,1015.0773334209606,0.0017064705975166007,1.3594650176243905,411.4743632212484,0.2326444305342496,0.24283112844222587,73.34167055116929,0.07512760593047901,13.165573536134064,15.0,13.48312370239969,2011,2,51.30761,4.51984,,,,0.14775231747017592,,5,-2,-1.040198171577777,0.5074632308553569,1.547661402433134,2.871775158925016
2011-03-01,13.649559483870968,0.9993279677419354,36.679026774193545,0.9993279677419354,0.30298078064516126,0.9885752580645161,3.2862471612903223,3.417953451612903,3.5247235483870973,3.4537745161290316,0.5936900794424036,,,0.5432652928211502,,0.24317708738424484,,,0.2271817006463213,,0.09816835980787263,,,0.09002359820806308,,0.33856239454284337,,,0.2868626677503623,,6.576792374286939,6.371569777905353,0.2503513734058666,126.0783119980526,282.6054930667184,46.548333009338286,1021.1324164796272,0.0009192875772940854,2.196548754409221,412.9845753256935,0.3813338957630296,0.24986608368791485,81.54730661137707,0.1112290298107084,13.165573536134064,15.0,13.48312370239969,2011,3,51.30761,4.51984,0.17897135923030605,,,0.1589771258079016,,5,-2,0.6526452915102179,0.7025238503216075,0.049878558811389584,14.983050567486405
2011-04-01,36.967268666666676,1.0,64.65069666666666,1.0,-0.5661367263333335,0.9909722333333334,6.030558000000001,6.499963333333333,5.404250333333334,6.542860333333333,0.615925033562403,0.6323489113851557,,0.6264235230647675,,0.28731007264412306,0.31110717711547753,,0.32967965412988504,,0.1219517303501328,0.1352554309339551,,0.1470093121942992,,0.3625440917423959,0.3804665124262445,,0.37497862662526404,,13.419073013528248,13.442561476042709,0.18329966386052227,201.0399075458286,312.05996567589466,101.56068032666141,1017.7771109813409,0.0007665745957191513,5.710497872727239,410.20299758023987,0.6337972039209384,0.26740192988013967,84.79253081405435,0.2505039187672666,13.165573536134064,15.0,13.48312370239969,2011,4,51.30761,4.51984,0.2341375908051538,0.2638839713943469,,0.2870995676623563,,5,-2,5.245147188831018,2.827860658884823,-2.4172865299461948,51.47658449740093
2011-05-01,48.783277419354846,0.9993279677419354,76.70568,1.0,-3.171244096774194,0.9805108064516129,7.986264193548388,8.282253548387096,4.760909999999999,5.369842580645161,0.6945115593305049,0.7416857138858326,,0.7319527557270663,,0.3486239146908524,0.3366100186163848,,0.4343516365177595,,0.1563920626370487,0.14924684683166178,,0.20953599952047716,,0.4481212240757646,0.5005934303962154,,0.48976707623682925,,14.760095389987473,15.795726539658993,0.12580293497744555,226.102747894416,320.0181151566439,118.84363592150923,1017.0250319526327,0.000850801637183683,6.8092261716686115,403.4911381602967,0.6999189163854518,0.2649931741648847,83.72479494583573,0.27279870113839294,13.165573536134064,15.0,13.48312370239969,2011,5,51.30761,4.51984,0.3107798933635655,0.29576252327048097,,0.4179395456471993,,5,-2,8.833740634417254,4.830188322810493,-4.003552311606761,78.04183524294601
2011-06-01,55.567243999999995,0.9854167,47.16060333333334,0.9895833666666667,-2.4098072999999998,0.9833333666666667,9.265184666666666,9.567603666666667,6.683345000000001,7.640196666666667,0.6616744193638742,0.75492253553913,,0.7433220931463155,,0.3691893922597214,0.3816110360854477,,0.4444780233925292,,0.1694772389314303,0.17551729837084476,,0.21593952052062496,,0.4118300340610528,0.5152917350214643,,0.5023788372538289,,16.470909522530675,17.25471879956959,0.1961494186392804,208.5853154171342,342.7835323347673,116.51693641759428,1014.3448491352981,0.0029603707440243646,5.5921329195277485,399.3809311075874,0.5588568616422948,0.26852837487567166,72.42009154531289,0.29886164005792454,13.165573536134064,15.0,13.48312370239969,2011,6,51.30761,4.51984,0.33648674032465176,0.35201379510680963,,0.4305975292406615,,5,-2,8.47300085460804,5.454310251964553,-3.0186906026434874,81.0050853582431
2011-07-01,54.88024003225805,0.9993279677419354,32.428378709677425,0.9993279677419354,-3.134774461290323,0.9993279677419354,10.108964838709676,10.822701935483876,6.696272580645163,7.941085161290319,,,,0.7625241057685044,,,,,0.44908064753797877,,,,,0.2183292855827035,,,,,0.5236699122516181,,15.934105641636464,16.81212308556137,0.2203091090875507,183.8315633221401,346.4813958250364,103.39381099993494,1011.4586762460794,0.0033961301286132583,4.713068077288127,394.285768921831,0.4030114092881247,0.2696264679589953,68.87979626072533,0.2909710870537648,13.165573536134064,15.0,13.48312370239969,2011,7,51.30761,4.51984,,,,0.4363508094224734,,5,-2,7.308301340347441,5.383767279162066,-1.9245340611853754,73.50691579447268
2011-08-01,54.28929741935483,0.9952957096774193,27.00944419354838,0.9966398064516129,-1.6621013322580647,0.9912634838709677,9.00238935483871,9.372603870967742,7.142900322580645,8.079442903225805,0.7352478838064257,0.6668295747634937,,0.7646422404845741,,0.37540711329945814,0.41599314878716337,,0.4240475118790456,,0.1718989147230414,0.2003238490035224,,0.20185262096432982,,0.4934340292478594,0.41750103764733476,,0.5260502234655133,,17.209041108684183,17.558631259648426,0.27140281435279845,165.87836201486184,354.9528657064973,92.2681882878521,1012.0015733439906,0.004355483010338677,3.9229243016547124,390.33384112606046,0.7316976002999626,0.2713428564719066,60.37715852363892,0.3092826107062233,13.165573536134064,15.0,13.48312370239969,2011,8,51.30761,4.51984,0.34425889162432266,0.39499143598395414,,0.40505938984880696,,5,-2,6.026712606263977,5.211497042813281,-0.8152155634506952,67.42201765790898
2011-09-01,46.59797666666667,0.9986111,12.990272333333333,0.9986111,-0.14537366666666665,0.9875000333333334,7.567465333333334,7.161854999999999,7.1228696666666655,6.909535666666669,0.7289266078725177,0.8115048924088789,,0.7542207582187207,,0.37227680247157846,0.38084431241634514,,0.37893548472060046,,0.17006158377875372,0.17521122152280302,,0.17416142694520023,,0.4864001464402624,0.5773910957067871,,0.5144875817442455,,16.165715986335258,16.18133991124998,0.24436008059483447,129.89301838436637,343.1009237807083,59.19725291183872,1013.9745190104384,0.001644332920404656,3.736463208317831,394.9092770199043,0.5760639295088114,0.2733874006505183,62.84949936783958,0.2944077765074024,13.165573536134064,15.0,13.48312370239969,2011,9,51.30761,4.51984,0.3403460030894731,0.3510553905204314,,0.3486693559007506,,5,-2,3.57337361994158,4.113626141906484,0.5402525219649039,41.10655905614699
2011-10-01,26.822663870967734,0.9973118387096774,-10.132329774193547,0.9966397741935483,1.6801060645161296,0.9946237096774194,4.159942000000001,4.1596383870967735,5.792573225806452,6.052776451612903,0.6944467801432916,0.6699973837773875,,0.7251914490025045,,0.30661015840854094,0.28576010319118583,,0.3474181315853027,,0.13226117799664405,0.12216454495913327,,0.1555040099167162,,0.4480488093670405,0.4253596741440293,,0.48225066637636654,,12.183364940662718,12.25304024791742,0.2304231491909232,83.60241146363317,319.13660779313426,19.772230068863287,1017.2161817941891,0.001338345233733316,3.006315569653574,400.56833821381787,0.7287896875959153,0.2711644871207324,69.9609546563087,0.22850875041969432,13.165573536134064,15.0,13.48312370239969,2011,10,51.30761,4.51984,0.2582626980106762,0.2322001289889823,,0.3092726644816284,,5,-2,1.1054572258888617,2.8520105550210437,1.746553329132182,11.013680672173521
2011-11-01,7.011465099999998,1.0,3.8110083666666674,1.0,2.2668290533333333,0.9979166666666667,1.9615755000000001,2.092438966666666,4.294872,4.056246333333333,,0.6145912914135123,,0.6351002349214302,,,0.2846092748535982,,0.26932053701681336,,,0.12185663377368552,,0.11204260545025174,,,0.3670569890752822,,0.38298528498472517,,8.318199021002199,8.52927266834396,0.23469956259079922,46.992890007170445,306.48955135319227,-4.698872774155473,1017.8343376028948,0.0005747516969398441,1.35895136800583,423.14439870156957,0.5244615507338866,0.26630855022838074,65.64561931429022,0.15072402882544658,13.165573536134064,15.0,13.48312370239969,2011,11,51.30761,4.51984,,0.23076159356699777,,0.2116506712710167,,5,-2,-0.798019492592324,1.3200791671552314,2.1180986597475555,-1.2759441823175859
2011-12-01,4.557054938709675,1.0,-42.91462903225808,1.0,3.5097629032258046,0.9993279677419354,0.05697116129032254,0.3906293190322579,3.560158387096775,4.106013225806452,,,,0.5624317947898855,,,,,0.211498140151597,,,,,0.08254012705482956,,,,,0.3069440584962919,,6.044231031634689,5.814368634738177,0.2942166744806846,24.460141592447773,302.2057769646886,-16.179237148922848,1010.1383399949592,0.004076287799168828,1.4368209153363674,400.99604591521387,0.3304946480700616,0.24810078942027997,70.00363664626695,0.09859860222830444,13.165573536134064,15.0,13.48312370239969,2011,12,51.30761,4.51984,,,,0.13937267518949625,,5,-2,-1.6358743475690456,0.51354023288246,2.1494145804515057,-1.2759441823175859
2012-01-01,,,,,,,,,,,,,,0.584259353300548,,,,,0.23931010567716288,,,,,0.09643162389348307,,,,,0.3294968151228847,,4.7214054201634434,4.607950512705867,0.28980311157468513,30.929503086721443,290.9765602618176,-15.603345887306919,1019.0398335970802,0.0024836645226379117,1.225912657393057,406.8433290564473,0.3024017313432805,0.2401865907375108,70.88485549290908,0.06610730906753638,13.165573536134064,15.0,13.48312370239969,2012,1,51.30761,4.51984,,,,0.17413763209645358,,5,0,-1.4568625646845146,0.6906634169007707,2.1475259815852854,-1.2759441823175859
2012-02-01,5.412501931034483,0.9992816206896552,0.3219341379310327,1.0,2.083846275862069,0.9949713103448277,0.32506857931034483,1.2501108620689656,2.4707860689655177,3.0505998965517245,,,,0.2864222116412734,,,,,0.15502970815077372,,,,,0.06200307303374695,,,,,0.1010630434795152,,0.9090455143439687,1.416529206280641,0.26941117740543846,63.89235272988504,271.81605935681847,6.845758624482843,1027.51294303755,0.0010397269567364886,1.220520399991115,409.77697573439144,0.23807579994245637,0.2056660361454843,83.29883221126414,0.0,13.165573536134064,15.0,13.48312370239969,2012,2,51.30761,4.51984,,,,0.06878713518846713,,5,0,-1.3893704846570332,-0.13033497047529943,1.2590355141817338,-0.7783515777009454
2012-03-01,16.464554838709674,0.9952957096774193,34.26805516129032,0.9939516451612903,0.12216074161290331,0.9576612903225806,2.9638568387096775,3.4812794193548386,3.0841651612903234,3.553905806451612,,0.6202222292977732,,0.5326522904047366,,,0.2685389455847167,,0.2298455537177768,,,0.11145224655442786,,0.09143160592449547,,,0.36676106898877303,,0.2766118355016118,,8.156339293946282,8.286458750327283,0.2459502157404172,118.03419630663198,300.0620503555566,47.652782068627275,1025.6359031485467,0.0008886896405501704,2.0206495242143765,413.8098195964707,0.4071236407949006,0.2606010937111716,74.36929115272345,0.14716958812586023,13.165573536134064,15.0,13.48312370239969,2012,3,51.30761,4.51984,,0.21067368198089587,,0.16230694214722097,,5,0,0.6655822772375327,0.85489579373829,0.18931351650075734,15.615293854720598
2012-04-01,26.16723766666666,1.0,37.58506066666667,0.9993055666666667,-0.2736859948666666,0.9833333666666667,3.5410469999999994,4.078028999999999,3.2400446666666674,4.6609463,,,,0.5550246276875757,,,,,0.26546040958983713,,,,,0.11030825386547359,,,,,0.2989560123144824,,8.343805895384664,8.788959145576921,0.25291436744030604,160.72737954015457,300.9209537662113,81.6793960376237,1003.7796872674442,0.0029794499893366928,2.586616679844603,407.80433594558485,0.3463024934383202,0.25803736401806615,79.51923174166522,0.15128416799454605,13.165573536134064,15.0,13.48312370239969,2012,4,51.30761,4.51984,,,,0.2068255119872964,,5,0,2.2375059466262015,1.2845525757952396,-0.9529533708309619,29.78732618984677
2012-05-01,55.22265806451612,0.9798387741935485,71.29173758064515,0.9805108064516129,-2.527242229032258,0.9643817419354839,8.914648064516129,9.470620645161292,6.210194516129032,7.619616451612902,,0.7670037033302349,,0.6954126364524458,,,0.3982658893066269,,0.3893476062922132,,,0.18557857874394587,,0.1817924769083693,,,0.5286680157811621,,0.44943196051102946,,14.273458909653778,14.694894076973238,0.24046757553562959,212.63693533015334,329.64104154689056,120.03376987288127,1014.2700838085999,0.0020092009555945922,4.545495581554195,402.71181229037217,0.6318228078633028,0.270733943815031,74.51280632397327,0.2648977702342449,13.165573536134064,15.0,13.48312370239969,2012,5,51.30761,4.51984,,0.3728323616332836,,0.3616845078652665,,5,0,7.249248026339058,3.938898959261372,-3.3103490670776856,72.55135053005756
2012-06-01,70.75663066666665,0.9916667,33.20828100000001,0.9916666666666667,-3.662810366666667,0.9875000333333334,10.078004,10.926622666666667,6.363346666666667,7.241313666666667,,,,0.7329460801382147,,,,,0.44025734085908325,,,,,0.21363943030229926,,,,,0.49085079748916244,,15.286552196395597,15.671894448491122,0.25935433662405977,192.8848079065345,341.76694334611534,110.66510466223352,1011.2995667635556,0.004041536554029996,4.49768144974097,401.2711618160054,0.6025309336332959,0.2718029191816991,70.95587560906385,0.28110305393163026,13.165573536134064,15.0,13.48312370239969,2012,6,51.30761,4.51984,,,,0.425321676073854,,5,0,7.599651102263478,5.078327836143357,-2.5213232661201213,73.55079387229226
2012-07-01,78.5819677419355,0.9643817419354839,23.675990967741935,0.9764785806451614,-3.605263225806452,0.9428763548387097,10.806125806451611,10.345361290322582,7.122043548387098,7.019021612903226,,,,0.7717479379044283,,,,,0.4614950973218358,,,,,0.22639873644260256,,,,,0.533869379171356,,17.226917461106428,17.8013553899137,0.2594720665567198,211.92160880685583,348.4908594241398,122.90113207065315,1012.6851005778125,0.003961087581163233,4.900894671542657,394.82538640727114,0.532020997375328,0.2692974824416204,66.18114466805548,0.3095288299697045,13.165573536134064,15.0,13.48312370239969,2012,7,51.30761,4.51984,,,,0.4518688716522948,,5,0,9.140196099369131,5.9887094814874295,-3.1514866178817016,91.41305221039447
2012-08-01,74.69030000000002,0.9966398064516129,37.994548064516124,0.998655935483871,-3.5074115483870973,0.9865591935483872,9.91173322580645,10.481656774193548,6.302284193548386,6.822895806451612,,0.7982767169044653,,0.7363374757410648,,,0.4282901157416614,,0.41090750794995745,,,0.20432324512116476,,0.19414064768284736,,,0.56275599915909,,0.4946141568814918,,18.905386378881825,19.309573224091352,0.1905576749519686,200.01581084953472,352.74245444378056,109.50110058191498,1013.9284267709221,0.00150165492827702,6.257904124827525,394.78562581250617,0.6178466977342119,0.2638363903199184,67.13463979892015,0.33134941861031875,13.165573536134064,15.0,13.48312370239969,2012,8,51.30761,4.51984,,0.41036264467707684,,0.38863438493744684,,5,0,7.276256217507031,5.403710303610857,-1.8725459138961744,78.6363445399073
2012-09-01,53.54088333333333,0.9875000333333334,15.529033999999998,0.9868055666666666,-2.1628377333333333,0.9763889333333334,6.784051666666668,7.108572333333333,4.965978333333333,4.235461333333334,,0.6831411348466363,,0.7517772647267513,,,0.2910739223163583,,0.40422316313934714,,,0.1237534863093311,,0.1894998275862905,,,0.4355143851484914,,0.5117935808068096,,14.729893998108533,15.251908201883355,0.17637383286104724,133.47609636145995,330.8288682563286,57.10815612916249,1013.6903339384731,0.0016003868890137676,4.5930920011082375,394.7364279270299,0.6760704911886014,0.2691394504193692,71.84558879791922,0.27231464046714954,13.165573536134064,15.0,13.48312370239969,2012,9,51.30761,4.51984,,0.2388424028954479,,0.380278953924184,,5,0,3.9725785880876447,4.252955415811183,0.2803768277235381,38.23363184536115
2012-10-01,24.920190000000005,0.9952957096774193,-7.824613322580644,0.9946236774193549,0.9806193225806451,0.9926075483870967,3.706634870967742,3.832096774193548,4.6723593548387115,4.342155387096774,,0.7343829001406036,,0.7141055435989815,,,0.33054329011483674,,0.35277960919205126,,,0.14578475492471007,,0.15868658937206023,,,0.49247172928874183,,0.46998502440423995,,11.050804864065697,11.235474506501173,0.28018229474925027,71.3429386014764,321.5926632702471,16.904188147757953,1009.3895368535611,0.0039157576864750085,2.3330925511975504,403.97987814481934,0.6533653543486548,0.2709782131052001,67.79728693500647,0.2071270710219028,13.165573536134064,15.0,13.48312370239969,2012,10,51.30761,4.51984,,0.2881791126435459,,0.31597451149006406,,5,0,0.6419241269781604,2.7509383055709877,2.1090141785928274,8.727597356669186
2012-11-01,7.996992033333332,1.0,-13.189636333333333,1.0,2.208135466666666,0.9993055666666667,1.4697241166666664,1.9298011000000002,3.6814223333333342,5.062146333333334,,0.7791673376999089,,0.6420975998672207,,,0.3212622207020391,,0.26384356973939244,,,0.14142188683071577,,0.10934773789247698,,,0.5412135687334547,,0.3905087206233184,,7.1968842231415975,7.276574859559141,0.2764633244943671,37.7762520233196,305.25650170049255,-7.797369357490074,1009.5297190666427,0.0015041801001702366,1.374750836606537,409.1685757451909,0.47804403318442895,0.25731324398620276,66.98438573095474,0.12560959154389187,13.165573536134064,15.0,13.48312370239969,2012,11,51.30761,4.51984,,0.27657777587754884,,0.20480446217424053,,5,0,-1.127937162450034,1.1543719257186402,2.2823090881686743,-1.2759441823175859
2012-12-01,4.728680770967742,0.9643817096774193,-28.91001125806452,0.9650537419354839,3.235661612903226,0.9616935483870968,0.43500991612903234,0.6779708806451613,3.7154338709677424,4.39544935483871,,,,0.5837626705194314,,,,,0.20610899107317046,,,,,0.07995253611397035,,,,,0.32871360507158,,4.974150574378422,4.635392422867142,0.30208044146383123,25.146213425171663,297.96624681115213,-15.325345313883664,1007.8302032114444,0.004298817391985964,1.049456845119968,408.01879378183514,0.3597157800843334,0.24330404617918025,66.69260201268752,0.0724385157126869,13.165573536134064,15.0,13.48312370239969,2012,12,51.30761,4.51984,,,,0.13263623884146308,,5,0,-1.6515086500962008,0.39388417927171754,2.0453928293679184,-1.2759441823175859
2013-01-01,3.3150456580645162,0.9979838709677419,-21.000678132258063,0.9993279677419354,0.9702273193548396,0.9905913870967742,0.6418325483870968,0.3545139096774193,1.5983781538709676,2.0486635225806453,,,,0.3490953308995186,,,,,0.15216857357847458,,,,,0.06087108135748034,,,,,0.16857672662936382,,1.7965474732001523,2.732603561469265,0.2733600866210645,32.355915326201064,286.79221858278106,-12.747401110566093,1012.7610220060145,0.0021184897819240375,0.9781059980975215,416.4310826833394,0.23570535786548752,0.21641683595103703,75.99556571203246,0.0,13.165573536134064,15.0,13.48312370239969,2013,1,51.30761,4.51984,,,,0.06521071697309322,,5,0,-1.743498577586885,-0.112495822647412,1.631002754939473,-1.2759441823175859
2013-02-01,6.651302464285714,0.968006,-4.498341785714286,0.9754464642857142,1.02807025,0.8668155000000001,1.1019515928571428,0.28279708571428575,2.1885467857142857,1.4652147500000001,,,,0.6019167878685202,,,,,0.22690393105188017,,,,,0.09009443853666861,,,,,0.3474151260126804,,1.574735841783146,1.7297779256096146,0.28221948636501326,60.37147793326785,278.365305454679,8.082047064477115,1015.1432872726521,0.0016169605769896192,1.3089052021048424,411.6643175302383,0.21716501711559008,0.21211278605467312,83.66063270804413,0.0,13.165573536134064,15.0,13.48312370239969,2013,2,51.30761,4.51984,,,,0.1586299138148502,,5,0,-1.0728408510842389,0.3659529161022455,1.4387937671864843,1.5238370593771484
2013-03-01,12.136752258064515,0.9993279677419354,27.190315806451615,0.998655935483871,0.16191341935483866,0.8729838709677419,2.382121677419354,3.282501096774194,2.547483870967742,5.131180967741936,,0.5523595309726784,,0.5456602788522255,,,0.14373405367453596,,0.23035462294329503,,,0.05169180553144638,,0.0916179493671061,,,0.2959738062174839,,0.28931836593870475,,2.6135044039231254,2.9062459842800927,0.270244994119491,106.56131401789051,278.9079830924236,38.79211089189531,1007.5452242045366,0.001793747031095911,2.0113596634661173,415.58565535657505,0.2843119610048743,0.21939460000514335,93.3995906968933,0.011036894925483562,13.165573536134064,15.0,13.48312370239969,2013,3,51.30761,4.51984,,0.05466756709316994,,0.16294327867911879,,5,0,-0.15404981828959108,0.4571381743461933,0.6111879926357844,10.717932022827254
2013-04-01,25.901177666666666,0.9979167,59.84966866666666,0.9979167,-1.2332079200000006,0.9659723000000001,4.9568999666666675,5.865207666666665,3.7029893333333335,5.402811999999998,,0.6060790598528267,0.5812101340505057,0.5560499664632294,,,0.2704241195134348,0.26866449631961015,0.2540894750515727,,,0.11247331199749833,0.11166179461613127,0.10410378962671006,,,0.3516556875491404,0.32551657994736405,0.29975663556695,,8.185819092267767,8.069335165295618,0.23191741494672194,162.41380192870054,298.3654994885583,81.63507125496199,1013.7881831806121,0.0010674302230677523,3.2035655583491134,409.48454192720004,0.36083293159783597,0.25512758847135186,86.06284183571789,0.14781874341213908,13.165573536134064,15.0,13.48312370239969,2013,4,51.30761,4.51984,,0.21303014939179352,0.21083062039951267,0.19261184381446586,,5,0,2.042558826636596,1.1337323990311596,-0.9088264276054365,29.721953203242442
2013-05-01,36.87616258064517,0.3340053548387097,50.76793064516128,0.33400541935483874,-1.3887531612903226,0.3434139677419355,6.357930000000001,7.430569354838711,4.991442258064517,5.9622545161290335,,0.6840326470101574,,0.6789115858251848,,,0.33034232044391243,,0.38321777319160427,,,0.14561091546352037,,0.17849649676238039,,,0.4365015296547747,,0.43129379277645336,,11.477165214171425,11.901337800111333,0.2513439689496187,178.81516120856108,324.7729931702026,102.25046197046713,1009.9550946928753,0.003843859952244249,3.3197551702590387,407.5422763234695,0.573468785151856,0.2691014758020169,76.05946964921729,0.2153135921454644,13.165573536134064,15.0,13.48312370239969,2013,5,51.30761,4.51984,,0.28792790055489054,,0.35402221648950527,,5,0,5.4043673886491,3.312610080976793,-2.091757307672307,55.69256834124538
2013-06-01,59.91176333333333,0.9902778,46.82445499999999,1.0,-4.010911943333333,0.9326388666666666,10.596102666666665,10.555282333333333,6.577862333333335,6.895188666666668,,0.6536167696540627,0.8094475580025867,0.7593313813618,,,0.3621774511383206,0.4080935478477005,0.4656100617274378,,,0.16564212909651665,0.19144155149937,0.22966516835386847,,,0.40326527461234574,0.5751637449025524,0.5201605120359201,,15.622861386094634,16.068589036558294,0.20871297403029448,204.51500561073686,343.1508614200647,118.63845668393056,1016.3598444760098,0.001953821459004734,4.852423364110597,403.1124370142397,0.4181125796775403,0.2714699450617755,72.11652863417417,0.28627576107341707,13.165573536134064,15.0,13.48312370239969,2013,6,51.30761,4.51984,,0.32772181392290073,0.3851169348096256,0.4570125771592973,,5,0,8.796275442280812,5.636326846282114,-3.1599485959986984,83.50382705927841
2013-07-01,62.87774516129032,0.9993279677419354,63.03539322580645,0.9986559032258064,-3.4651284838709673,0.9932796129032259,9.21932258064516,10.085474193548388,5.6556612903225805,7.263250322580643,,0.795499125534407,0.842616135975276,0.7641596658654861,,,0.23683763938326235,0.4112806158820751,0.46644385903314267,,,0.09845114558257305,0.1935094785669005,0.23004045199075226,,,0.5599901652233267,0.6106780572434002,0.5255107668274365,,20.005617509677993,20.784152988497162,0.15024824841216444,230.989753954117,359.77953333770785,132.000007774064,1018.0633331465272,0.001283906290573178,7.0426028731325525,405.56077302806517,0.7569232417376399,0.2636199990759212,68.7028806046214,0.34425931499935103,13.165573536134064,15.0,13.48312370239969,2013,7,51.30761,4.51984,,0.17104704922907793,0.3891007698525939,0.45805482379142837,,5,0,10.270005997803434,6.966853154958817,-3.303152842844617,102.00895548587143
2013-08-01,50.48066483870967,0.9993279677419354,39.28306064516128,1.0,-2.9274323225806453,0.9885753548387097,6.727788709677419,7.741408064516128,3.8156712903225807,5.137760967741935,,,0.8327729001351082,0.7509293842421527,,,,0.5000892592828143,0.43144185219824915,,,,0.2520616515145983,0.20697219629003344,,,,0.6000733203263718,0.510844933888664,,18.670723959834792,19.251609625892417,0.16675760909505494,182.5412971060666,353.2401189642843,95.93438858940429,1015.8811398327399,0.0014222101890354513,6.353779841425291,400.57105604304985,0.5574015748031496,0.2657431293925642,69.23008125450504,0.32845316145899484,13.165573536134064,15.0,13.48312370239969,2013,8,51.30761,4.51984,,,0.5001115741035179,0.41430231524781147,,5,0,6.92551480400212,5.770001786649421,-1.1555130173526988,70.33871856811322
2013-09-01,32.97355666666667,0.9993055666666667,14.574482000000001,1.0,-1.5092276999999998,0.9895833333333334,5.500977666666667,5.410825666666667,4.073895666666667,4.224066,,0.7677143786199294,0.8329610513312903,0.7471320615178164,,,0.39468903475299,0.3797321239975632,0.39074513906933384,,,0.18380127501600385,0.17483427858272138,0.18155927496806312,,,0.5294248228260876,0.6003845216683306,0.5066137527502539,,15.077795476132033,15.685540052702862,0.21169567361183034,124.85604120010066,340.9741323413144,56.74513459427014,1013.5620802923767,0.0024225285122754414,4.083939418330702,401.24955113370305,0.5417852455943007,0.27303259447655276,69.16294938998074,0.27784034483547315,13.165573536134064,15.0,13.48312370239969,2013,9,51.30761,4.51984,,0.3683612934412375,0.349665154996954,0.3634314238366673,,5,0,3.4720734384274117,4.100453193085958,0.6283797546585461,37.94131579916264
2013-10-01,15.278564516129036,0.9946236774193549,-11.206492709677422,0.9946236451612903,0.16727272258064516,0.9623656451612904,2.970113193548387,3.9477876451612897,3.1985167741935485,4.720851612903226,,0.767595397358628,0.8097923180417789,0.7420278548871083,,,0.3658306271331979,0.36000599243607345,0.34863972985242947,,,0.16615689848350976,0.1631906316703172,0.1564774715103827,,,0.5293219343490981,0.5755371978770649,0.5009454235937001,,12.882296483186984,12.882937165019225,0.24624448702702292,75.1899332984448,328.314530441361,17.57373686783872,1011.4385111695117,0.003447520597512515,2.782682201060346,402.97451209185664,0.6464602130768844,0.27451976828529845,66.5732913039924,0.2411204824904659,13.165573536134064,15.0,13.48312370239969,2013,10,51.30761,4.51984,,0.33228828391649745,0.3250074905450918,0.31079966231553685,,5,0,0.840267403185485,2.9923754727800285,2.1521080695945436,10.18469071714605
2013-11-01,4.165436396666668,0.45694443333333334,-22.454702666666666,0.4583333333333333,1.25454322,0.3986111,0.7013646133333332,1.4825487999999998,2.072634,2.804359,,0.735008372477461,,0.6719840463618483,,,0.28168688015111143,,0.2813753283477656,,,0.11945467202570834,,0.11896672516576784,,,0.49316757870894934,,0.42332839096184444,,6.727553650989745,7.044358539945152,0.28924930208593636,32.9425525701459,309.861257682691,-5.707777366974734,1014.2611192655938,0.0032263473728581377,1.3171477794524296,409.48806764149776,0.3977708200382898,0.2546529031875005,67.27757406417824,0.11475758733276165,13.165573536134064,15.0,13.48312370239969,2013,11,51.30761,4.51984,,0.2271086001888893,,0.22671916043470697,,5,0,-1.2127684545592938,1.3089708755728313,2.5217393301321254,-1.2759441823175859
2013-12-01,2.8177880000000006,0.998655935483871,-19.376802580645155,0.9993279677419354,1.4101111612903225,0.9926075161290322,0.6949626132258067,0.7548721935483869,2.1345836774193545,2.7005677419354837,,0.689227608640318,0.7788309964163801,0.617459678765007,,,0.27828534708799274,0.31602383426653613,0.21740901365755605,,,0.11703024797449266,0.13845182294152555,0.08572491017847055,,,0.44225826661287376,0.5413558870993107,0.3639741930862674,,5.61935677420754,5.23795779782882,0.2756368638659397,28.92304963131916,292.27144956841397,-19.296820777101637,1016.0736615869503,0.002288549172659311,1.417957382932704,411.99161662159037,0.4509025300032436,0.24665146423308215,72.85217884780351,0.08833671393100151,13.165573536134064,15.0,13.48312370239969,2013,12,51.30761,4.51984,,0.2228566838599909,0.27002979283317013,0.14676126707194506,,5,0,-1.5358762546983418,0.5479552498130096,2.0838315045113514,-1.2759441823175859
2014-01-01,2.831282970967743,1.0,-17.707690645161296,1.0,0.9401278129032261,0.997311870967742,0.575095270967742,0.9393844129032258,1.5021043548387094,2.971610129032258,,,,0.5865331554021912,,,,,0.22084545017080254,,,,,0.08714108440609672,,,,,0.3318312033320549,,5.934656476745508,5.628127292050045,0.2939008075411238,31.774501177847764,298.79208997863935,-12.672947387261322,1004.0678852582017,0.0025340376812256725,1.4284860599175822,411.35004237237774,0.3535303541499476,0.24874391279173624,72.1765114223267,0.09596782053515553,13.165573536134064,15.0,13.48312370239969,2014,1,51.30761,4.51984,,,,0.15105681271350316,,5,1,-1.4584604716650273,0.5978391847916894,2.0562996564567166,-1.2759441823175859
2014-02-01,6.776597142857143,0.9992559642857143,-9.36037317857143,1.0,0.6920533071428573,0.9970238571428572,1.036492142857143,2.093682321428571,1.721107464285714,4.003389285714285,,0.35309881332457943,1.0718810658767277,0.6025735279261256,,,0.16812945364683596,0.3264021115179714,0.23788031115731348,,,0.06290569728083019,0.15947972890148707,0.09565861982020864,,,0.12403672848387902,0.6408038103876418,0.3479606894740296,,6.423891315506018,5.966948426546121,0.2879058147336841,60.542482043149725,289.4650411649564,0.7489498330540041,1001.8383343482255,0.002652652182000042,1.9783709432688277,408.19771088739293,0.40840112263066214,0.2489905206763593,78.60416923122874,0.10762922860581987,13.165573536134064,15.0,13.48312370239969,2014,2,51.30761,4.51984,,0.08516181705854495,0.28300263939746423,0.17235038894664184,,5,1,-0.7392378776290955,0.8056090549146315,1.544846932543727,-0.9705561687321195
2014-03-01,15.898065161290322,0.9979838709677419,23.61967677419355,0.9973118387096774,-0.4289969580645161,0.965053806451613,3.2904513225806444,3.5777448387096773,2.9168709677419353,3.1530945161290322,,0.6800080509860678,0.7425598470457916,0.5659960713359096,,,0.21155562182097723,0.3151068173951268,0.25400712239816836,,,0.08593826935523406,0.13738693243585898,0.10391213562645514,,,0.4323299642236154,0.5015623414526953,0.3099195941197474,,8.288410332693074,8.18935866533945,0.24698700051853026,136.74132953523548,284.5240020995497,49.599935207241394,1014.6984106394078,0.0010194116545922617,2.7821353638239765,416.30151043194047,0.5175117172853393,0.2584343204541838,83.23719258698782,0.1500716621884848,13.165573536134064,15.0,13.48312370239969,2014,3,51.30761,4.51984,,0.13944452727622153,0.2688835217439085,0.19250890299771045,,5,1,1.4277619832431994,1.1390007250858383,-0.2887612581573611,18.139968250587067
2014-04-01,26.32244566666667,0.7749999666666666,52.43106200000001,0.78125,-2.189211633333334,0.7368056233333333,5.694167666666666,5.578500999999999,3.5519020000000014,3.567244333333334,,0.718616610686271,0.7103274107874483,0.6213101336921368,,,0.2669475379618438,0.30610185984465776,0.323240935160652,,,0.11160602424444523,0.13224826484325364,0.14317650143252125,,,0.474924363333806,0.46588540570450726,0.3692865278637984,,12.141118031768219,12.524517595181909,0.2104155574888492,175.99736440142158,315.8076232073824,90.11146083077138,1013.0963954370087,0.001271642873464396,3.837972842065622,413.30589705628284,0.5538630885425037,0.27061506214288794,78.8894683835832,0.22773216265769802,13.165573536134064,15.0,13.48312370239969,2014,4,51.30761,4.51984,,0.20868442245230473,0.2576273248058222,0.279051168950815,,5,1,4.195137771093358,2.5294673081510575,-1.6656704629423005,43.60973010283834
2014-05-01,41.741308387096765,0.9993279677419354,56.237915838709675,0.9993279677419354,-3.6428949225806453,0.9946236774193549,7.144292903225807,7.485509032258064,3.535659677419354,4.328188387096775,,0.7012721462255371,0.7937894854150769,0.7436453078859773,,,0.41752019699084997,0.3789738251825191,0.4601315075124276,,,0.20172971871260398,0.17412262984023028,0.22665138515208627,,,0.4556768970746739,0.5581127549407372,0.5027504253448287,,13.577089812932398,14.228760289457002,0.24039801450820308,201.05770948251921,324.581223978585,109.54381792774308,1013.6351198326508,0.0030116645877864743,4.376977411964705,409.8079498622644,0.5455661792275965,0.27172499589062915,77.11148073834676,0.2532161837259917,13.165573536134064,15.0,13.48312370239969,2014,5,51.30761,4.51984,,0.39690024623856246,0.3487172814781489,0.4501643843905345,,5,1,8.324717073769156,5.015315529512882,-3.309401544256274,71.52426723619364
2014-06-01,60.77195,0.9979167,58.259148999999994,0.9993055666666667,-4.786439333333334,0.9930556,8.991141,9.503084,4.276914333333333,5.055845,,,0.8151465475867385,0.7667748212606458,,,,0.44866799452977946,0.4957958480954941,,,,0.21678390869640995,0.2507447977780868,,,,0.5813264461135921,0.5282603988794402,,16.30020965366378,17.17395161139999,0.2165367596387595,222.64082782267107,338.20252388109486,124.53312326218247,1016.6816428332368,0.0029745290944611174,5.051053854234065,412.44425006189323,0.5603243344581927,0.27379908192157526,72.84717358384795,0.29638098332934876,13.165573536134064,15.0,13.48312370239969,2014,6,51.30761,4.51984,,,0.43583499316222435,0.49474481011936755,,5,1,10.691431235852589,6.46396896238851,-4.227462273464079,90.15019317413352
2014-07-01,55.93129929032258,0.9993279677419354,46.12385419354838,1.0,-3.0025596129032257,0.9912634516129032,8.003317096774191,8.268825161290325,4.978296129032259,5.671104838709677,,0.7760103291569053,0.8266238823041234,0.7558504367949779,,,0.43425666972339416,0.4272293708012809,0.4692291341417815,,,0.2082687236944521,0.20317946878606935,0.23238696732519493,,,0.5385615145567263,0.5936651146078916,0.5163154528192105,,19.404337227428606,19.765835269386404,0.2437178639867373,204.66519394075152,365.09504521333406,120.9052207376875,1012.4976019659166,0.004014138613711005,5.329942573178435,398.47154296561524,0.5577358187369436,0.26706531825841373,62.67801145228529,0.3373407497679777,13.165573536134064,15.0,13.48312370239969,2014,7,51.30761,4.51984,,0.41782083715424273,0.4090367135016011,0.46153641767722686,,5,1,9.006129916504662,6.852338290668018,-2.153791625836644,90.9763350448353
2014-08-01,48.68531645161291,0.9966398064516129,14.684316290322588,1.0,-1.911406677419355,0.9852150322580645,6.186560483870969,7.361419032258064,4.458449354838709,5.670593548387096,,0.5884378981030794,0.857694994596722,0.7777976576413266,,,0.21940447337891425,0.3720611058222045,0.4510890255587061,,,0.08627679712321458,0.17229940798065616,0.21944769272523224,,,0.33305381039593285,0.626334189689862,0.5405489334558147,,16.288829714660142,16.94476317456139,0.26322965763026157,170.06848754238922,342.5180159757671,88.75031703520352,1010.4181250434236,0.004172907866607325,4.006779747468721,395.9479308662225,0.6058816085489314,0.27268736718991865,64.34305081642428,0.2962146625610862,13.165573536134064,15.0,13.48312370239969,2014,8,51.30761,4.51984,,0.1492555917236428,0.34007638227775555,0.4388612819483827,,5,1,6.748408369747118,5.512126402877867,-1.2362819668692504,65.13225120443947
2014-09-01,35.39249033333333,0.9986111,24.702996333333335,0.9993055666666667,-1.5775982666666666,0.9875001000000001,5.636190999999999,6.038679666666667,4.243844999999999,4.751113333333333,,0.6370564882571377,0.8380549717432711,0.7519948842795944,,,0.2818010867063053,0.3830133710093,0.406590316927349,,,0.12134677274764707,0.17726368456115804,0.19105023139035168,,,0.39167228924236547,0.6058404702393374,0.511984182998435,,16.227896017620388,16.483196936482067,0.23533166402437866,122.26853736468847,349.73196973063966,57.64028918699401,1017.0483852703902,0.0012698566951842884,3.3686340419121796,404.70242648777366,0.5999273528308962,0.2775572173137559,61.910251757706064,0.29532209238898344,13.165573536134064,15.0,13.48312370239969,2014,9,51.30761,4.51984,,0.22725135838288166,0.35376671376162505,0.3832378961591862,,5,1,3.7084809412846154,4.637367748411164,0.928886807126549,39.87752912355751
2014-10-01,13.960892999999997,0.995967806451613,-10.039636677419356,1.0,0.43393485483870964,0.9798387096774194,2.8378630612903226,3.0517164838709676,3.285625161290322,3.8275703225806454,,0.6668906266638697,0.7821595637862124,0.7070697584993165,,,0.3482818807864035,0.31883593169411184,0.3510857441033585,,,0.15717864871738646,0.1421713962359293,0.1578360463579939,,,0.41855769329297543,0.5448740480128299,0.46214897772808855,,13.644382651768055,13.657151641754481,0.27242302453853245,74.00331133160255,335.5368429934047,19.7472699065276,1012.9225386744204,0.0023135339306729736,2.651084178330586,406.09514895897104,0.6534916882198915,0.27759100663332653,63.78599483644411,0.25436431504231044,13.165573536134064,15.0,13.48312370239969,2014,10,51.30761,4.51984,,0.31035235098300434,0.2735449146176398,0.3138571801291981,,5,1,0.861982938256857,3.15895722190048,2.296974283643623,10.983248694979457
2014-11-01,4.260169183333334,0.9993055666666667,-5.5440735000000005,0.9993055666666667,0.3355742000000001,0.9993055666666667,1.5758844333333333,2.069499766666667,1.9335202666666669,2.777312333333333,,,0.3970900836862297,0.6309275936209803,,,,0.21103217886005063,0.2649726422998418,,,,0.08451446706269233,0.10980692272269482,,,,0.1563865900097377,0.3787577811617382,,8.624603890004742,8.828238688681875,0.2781054252513195,45.892292708255376,307.4254392043895,-5.584007233657404,1008.1602336130397,0.001990043013777722,1.4669472960867878,418.8549153712645,0.46953414167198476,0.266733624227353,66.0802164672968,0.1573872864573236,13.165573536134064,15.0,13.48312370239969,2014,11,51.30761,4.51984,,,0.13879022357506327,0.20621580287480223,,5,1,-0.8439262041563609,1.3011514474991135,2.145077651655474,-1.2759441823175859
2014-12-01,1.7698909819354842,0.9993279677419354,-35.844773870967735,1.0,1.429817,0.9455645483870968,0.49128145161290326,0.861615129032258,1.898488516129032,3.1786943548387097,,,0.8223644297724073,0.4336661623252269,,,,0.33877109734006056,0.17379089128733727,,,,0.15155039311907567,0.06786234127535117,,,,0.5890978091086441,0.22004753335890068,,4.551564992343398,4.7188731573209255,0.2879028493914992,23.10027672272305,298.58360218040616,-15.645194725802636,1016.5403414017949,0.002655188087014442,1.1683731668059123,411.8560376751851,0.28921059033409013,0.23973123023550527,71.12704594017715,0.06182013366346913,13.165573536134064,15.0,13.48312370239969,2014,12,51.30761,4.51984,,,0.2984638716750757,0.09223861410917158,,5,1,-1.767364660665396,0.14025158186984696,1.907616242535243,-1.2759441823175859
2015-01-01,,,,,,,,,,,,,,,,,,,,,,,,,,,,,,,,,,,,,,,,411.94741288797985,0.3756881716821626,,,,13.165573536134064,15.0,13.48312370239969,2015,1,51.30761,4.51984,,,,,,5,4,,,,
2015-02-01,,,,,,,,,,,,,,,,,,,,,,,,,,,,,,,,,,,,,,,,417.85365163979367,0.4656008093231212,,,,13.165573536134064,15.0,13.48312370239969,2015,2,51.30761,4.51984,,,,,,5,4,,,,
2015-03-01,,,,,,,,,,,,,,,,,,,,,,,,,,,,,,,,,,,,,,,,416.05953465962443,0.3552732470941132,,,,13.165573536134064,15.0,13.48312370239969,2015,3,51.30761,4.51984,,,,,,5,4,,,,
2015-04-01,,,,,,,,,,,,,,,,,,,,,,,,,,,,,,,,,,,,,,,,415.5148726699253,0.5432615565911404,,,,13.165573536134064,15.0,13.48312370239969,2015,4,51.30761,4.51984,,,,,,5,4,,,,
2015-05-01,,,,,,,,,,,,,,,,,,,,,,,,,,,,,,,,,,,,,,,,411.8064247533632,0.540309805024372,,,,13.165573536134064,15.0,13.48312370239969,2015,5,51.30761,4.51984,,,,,,5,4,,,,
2015-06-01,,,,,,,,,,,,,,,,,,,,,,,,,,,,,,,,,,,,,,,,410.3234886190519,0.6492749343832022,,,,13.165573536134064,15.0,13.48312370239969,2015,6,51.30761,4.51984,,,,,,5,4,,,,
2015-07-01,,,,,,,,,,,,,,,,,,,,,,,,,,,,,,,,,,,,,,,,403.4833967618917,0.5542487546199583,,,,13.165573536134064,15.0,13.48312370239969,2015,7,51.30761,4.51984,,,,,,5,4,,,,
2015-08-01,,,,,,,,,,,,,,,,,,,,,,,,,,,,,,,,,,,,,,,,402.5982389507111,0.708507217847769,,,,13.165573536134064,15.0,13.48312370239969,2015,8,51.30761,4.51984,,,,,,5,4,,,,
2015-09-01,,,,,,,,,,,,,,,,,,,,,,,,,,,,,,,,,,,,,,,,401.444537258133,0.5446461379827523,,,,13.165573536134064,15.0,13.48312370239969,2015,9,51.30761,4.51984,,,,,,5,4,,,,
2015-10-01,,,,,,,,,,,,,,,,,,,,,,,,,,,,,,,,,,,,,,,,416.9098708414164,0.5012087965597426,,,,13.165573536134064,15.0,13.48312370239969,2015,10,51.30761,4.51984,,,,,,5,4,,,,
2015-11-01,,,,,,,,,,,,,,,,,,,,,,,,,,,,,,,,,,,,,,,,413.6649981719396,0.36237755264837274,,,,13.165573536134064,15.0,13.48312370239969,2015,11,51.30761,4.51984,,,,,,5,4,,,,
2015-12-01,,,,,,,,,,,,,,,,,,,,,,,,,,,,,,,,,,,,,,,,414.05794554168955,0.3929066655854687,,,,13.165573536134064,15.0,13.48312370239969,2015,12,51.30761,4.51984,,,,,,5,4,,,,
2016-01-01,,,,,,,,,,,,,,,,,,,,,,,,,,,,,,,,,,,,,,,,416.4570405538786,0.42695212772618685,,,,13.165573536134064,15.0,13.48312370239969,2016,1,51.30761,4.51984,,,,,,5,-1,,,,
2016-02-01,,,,,,,,,,,,,,,,,,,,,,,,,,,,,,,,,,,,,,,,415.7957884224846,0.4357288320178516,,,,13.165573536134064,15.0,13.48312370239969,2016,2,51.30761,4.51984,,,,,,5,-1,,,,
2016-03-01,,,,,,,,,,,,,,,,,,,,,,,,,,,,,,,,,,,,,,,,417.83682837172057,0.4622215973003374,,,,13.165573536134064,15.0,13.48312370239969,2016,3,51.30761,4.51984,,,,,,5,-1,,,,
2016-04-01,,,,,,,,,,,,,,,,,,,,,,,,,,,,,,,,,,,,,,,,416.4363075949987,0.46606861642294706,,,,13.165573536134064,15.0,13.48312370239969,2016,4,51.30761,4.51984,,,,,,5,-1,,,,
2016-05-01,,,,,,,,,,,,,,,,,,,,,,,,,,,,,,,,,,,,,,,,413.5986343913542,0.4828898173442605,,,,13.165573536134064,15.0,13.48312370239969,2016,5,51.30761,4.51984,,,,,,5,-1,,,,
2016-06-01,,,,,,,,,,,,,,,,,,,,,,,,,,,,,,,,,,,,,,,,408.56767221825555,0.5386675103112111,,,,13.165573536134064,15.0,13.48312370239969,2016,6,51.30761,4.51984,,,,,,5,-1,,,,
2016-07-01,,,,,,,,,,,,,,,,,,,,,,,,,,,,,,,,,,,,,,,,406.1845607156878,0.6032494375703037,,,,13.165573536134064,15.0,13.48312370239969,2016,7,51.30761,4.51984,,,,,,5,-1,,,,
2016-08-01,,,,,,,,,,,,,,,,,,,,,,,,,,,,,,,,,,,,,,,,404.36849276743766,0.7153468316460444,,,,13.165573536134064,15.0,13.48312370239969,2016,8,51.30761,4.51984,,,,,,5,-1,,,,
2016-09-01,,,,,,,,,,,,,,,,,,,,,,,,,,,,,,,,,,,,,,,,409.54766025339563,0.7602980877390326,,,,13.165573536134064,15.0,13.48312370239969,2016,9,51.30761,4.51984,,,,,,5,-1,,,,
2016-10-01,,,,,,,,,,,,,,,,,,,,,,,,,,,,,,,,,,,,,,,,420.8433490101418,0.6504946957112971,,,,13.165573536134064,15.0,13.48312370239969,2016,10,51.30761,4.51984,,,,,,5,-1,,,,
2016-11-01,,,,,,,,,,,,,,,,,,,,,,,,,,,,,,,,,,,,,,,,421.61302849008945,0.35950451271765893,,,,13.165573536134064,15.0,13.48312370239969,2016,11,51.30761,4.51984,,,,,,5,-1,,,,
2016-12-01,,,,,,,,,,,,,,,,,,,,,,,,,,,,,,,,,,,,,,,,435.9164189615052,0.37500648718780405,,,,13.165573536134064,15.0,13.48312370239969,2016,12,51.30761,4.51984,,,,,,5,-1,,,,
2017-01-01,,,,,,,,,,,,,,,,,,,,,,,,,,,,,,,,,,,,,,,,428.69380156431174,0.3849997165477729,,,,13.165573536134064,15.0,13.48312370239969,2017,1,51.30761,4.51984,,,,,,5,-1,,,,
2017-02-01,,,,,,,,,,,,,,,,,,,,,,,,,,,,,,,,,,,,,,,,425.67961684284944,0.3175205743096499,,,,13.165573536134064,15.0,13.48312370239969,2017,2,51.30761,4.51984,,,,,,5,-1,,,,
2017-03-01,,,,,,,,,,,,,,,,,,,,,,,,,,,,,,,,,,,,,,,,420.8956922479793,0.4061876640419947,,,,13.165573536134064,15.0,13.48312370239969,2017,3,51.30761,4.51984,,,,,,5,-1,,,,
2017-04-01,,,,,,,,,,,,,,,,,,,,,,,,,,,,,,,,,,,,,,,,422.00597842852363,0.4959971075044191,,,,13.165573536134064,15.0,13.48312370239969,2017,4,51.30761,4.51984,,,,,,5,-1,,,,
2017-05-01,,,,,,,,,,,,,,,,,,,,,,,,,,,,,,,,,,,,,,,,419.30775823440143,0.6228810461192351,,,,13.165573536134064,15.0,13.48312370239969,2017,5,51.30761,4.51984,,,,,,5,-1,,,,
2017-06-01,,,,,,,,,,,,,,,,,,,,,,,,,,,,,,,,,,,,,,,,415.9175161467641,0.7152835583052118,,,,13.165573536134064,15.0,13.48312370239969,2017,6,51.30761,4.51984,,,,,,5,-1,,,,
2017-07-01,,,,,,,,,,,,,,,,,,,,,,,,,,,,,,,,,,,,,,,,408.7387033662018,0.5813267984359098,,,,13.165573536134064,15.0,13.48312370239969,2017,7,51.30761,4.51984,,,,,,5,-1,,,,
2017-08-01,,,,,,,,,,,,,,,,,,,,,,,,,,,,,,,,,,,,,,,,410.7886843183904,0.5596095800524935,,,,13.165573536134064,15.0,13.48312370239969,2017,8,51.30761,4.51984,,,,,,5,-1,,,,
2017-09-01,,,,,,,,,,,,,,,,,,,,,,,,,,,,,,,,,,,,,,,,410.17785994031624,0.6038484251968504,,,,13.165573536134064,15.0,13.48312370239969,2017,9,51.30761,4.51984,,,,,,5,-1,,,,
2017-10-01,,,,,,,,,,,,,,,,,,,,,,,,,,,,,,,,,,,,,,,,410.6136339476233,0.5271523695831212,,,,13.165573536134064,15.0,13.48312370239969,2017,10,51.30761,4.51984,,,,,,5,-1,,,,
2017-11-01,,,,,,,,,,,,,,,,,,,,,,,,,,,,,,,,,,,,,,,,419.6056904680179,0.40635689215060633,,,,13.165573536134064,15.0,13.48312370239969,2017,11,51.30761,4.51984,,,,,,5,-1,,,,
2017-12-01,,,,,,,,,,,,,,,,,,,,,,,,,,,,,,,,,,,,,,,,418.8481619368635,0.2583348199805384,,,,13.165573536134064,15.0,13.48312370239969,2017,12,51.30761,4.51984,,,,,,5,-1,,,,
2018-01-01,,,,,,,,,,,,,,,,,,,,,,,,,,,,,,,,,,,,,,,,421.27754648794564,0.23163681357987406,,,,13.165573536134064,15.0,13.48312370239969,2018,1,51.30761,4.51984,,,,,,5,1,,,,
2018-02-01,,,,,,,,,,,,,,,,,,,,,,,,,,,,,,,,,,,,,,,,425.52966261365015,0.5668375239789347,,,,13.165573536134064,15.0,13.48312370239969,2018,2,51.30761,4.51984,,,,,,5,1,,,,
2018-03-01,,,,,,,,,,,,,,,,,,,,,,,,,,,,,,,,,,,,,,,,423.95698578536036,0.4851809148856393,,,,13.165573536134064,15.0,13.48312370239969,2018,3,51.30761,4.51984,,,,,,5,1,,,,
2018-04-01,,,,,,,,,,,,,,,,,,,,,,,,,,,,,,,,,,,,,,,,425.4112594752738,0.4591108254325352,,,,13.165573536134064,15.0,13.48312370239969,2018,4,51.30761,4.51984,,,,,,5,1,,,,
2018-05-01,,,,,,,,,,,,,,,,,,,,,,,,,,,,,,,,,,,,,,,,422.73283086881213,0.8064679415073116,,,,13.165573536134064,15.0,13.48312370239969,2018,5,51.30761,4.51984,,,,,,5,1,,,,
2018-06-01,,,,,,,,,,,,,,,,,,,,,,,,,,,,,,,,,,,,,,,,417.34979032371336,0.7510976752905887,,,,13.165573536134064,15.0,13.48312370239969,2018,6,51.30761,4.51984,,,,,,5,1,,,,
2018-07-01,,,,,,,,,,,,,,,,,,,,,,,,,,,,,,,,,,,,,,,,414.1607344195797,0.7097300337457818,,,,13.165573536134064,15.0,13.48312370239969,2018,7,51.30761,4.51984,,,,,,5,1,,,,
2018-08-01,,,,,,,,,,,,,,,,,,,,,,,,,,,,,,,,,,,,,,,,408.99314177492965,0.5513151481064866,,,,13.165573536134064,15.0,13.48312370239969,2018,8,51.30761,4.51984,,,,,,5,1,,,,
2018-09-01,,,,,,,,,,,,,,,,,,,,,,,,,,,,,,,,,,,,,,,,413.02224814389325,0.7020214660667417,,,,13.165573536134064,15.0,13.48312370239969,2018,9,51.30761,4.51984,,,,,,5,1,,,,
2018-10-01,,,,,,,,,,,,,,,,,,,,,,,,,,,,,,,,,,,,,,,,420.66048492971,0.6987902258069687,,,,13.165573536134064,15.0,13.48312370239969,2018,10,51.30761,4.51984,,,,,,5,1,,,,
2018-11-01,,,,,,,,,,,,,,,,,,,,,,,,,,,,,,,,,,,,,,,,430.96319199780595,0.41813696553924706,,,,13.165573536134064,15.0,13.48312370239969,2018,11,51.30761,4.51984,,,,,,5,1,,,,
2018-12-01,,,,,,,,,,,,,,,,,,,,,,,,,,,,,,,,,,,,,,,,425.41510358126686,0.3363116282841388,,,,13.165573536134064,15.0,13.48312370239969,2018,12,51.30761,4.51984,,,,,,5,1,,,,
2019-01-01,,,,,,,,,,,,,,,,,,,,,,,,,,,,,,,,,,,,,,,,424.5948121425078,0.32204727685595363,,,,13.165573536134064,15.0,13.48312370239969,2019,1,51.30761,4.51984,,,,,,5,0,,,,
2019-02-01,,,,,,,,,,,,,,,,,,,,,,,,,,,,,,,,,,,,,,,,432.51127079485644,0.43891697818472847,,,,13.165573536134064,15.0,13.48312370239969,2019,2,51.30761,4.51984,,,,,,5,0,,,,
2019-03-01,,,,,,,,,,,,,,,,,,,,,,,,,,,,,,,,,,,,,,,,423.393057494259,0.37273200224971875,,,,13.165573536134064,15.0,13.48312370239969,2019,3,51.30761,4.51984,,,,,,5,0,,,,
2019-04-01,,,,,,,,,,,,,,,,,,,,,,,,,,,,,,,,,,,,,,,,426.7361120445327,0.5404397664577641,,,,13.165573536134064,15.0,13.48312370239969,2019,4,51.30761,4.51984,,,,,,5,0,,,,
2019-05-01,,,,,,,,,,,,,,,,,,,,,,,,,,,,,,,,,,,,,,,,423.9883186526038,0.636755249343832,,,,13.165573536134064,15.0,13.48312370239969,2019,5,51.30761,4.51984,,,,,,5,0,,,,
2019-06-01,,,,,,,,,,,,,,,,,,,,,,,,,,,,,,,,,,,,,,,,420.7310066076287,0.6028758905136858,,,,13.165573536134064,15.0,13.48312370239969,2019,6,51.30761,4.51984,,,,,,5,0,,,,
2019-07-01,,,,,,,,,,,,,,,,,,,,,,,,,,,,,,,,,,,,,,,,417.4977087293997,0.6013509025657507,,,,13.165573536134064,15.0,13.48312370239969,2019,7,51.30761,4.51984,,,,,,5,0,,,,
2019-08-01,,,,,,,,,,,,,,,,,,,,,,,,,,,,,,,,,,,,,,,,414.4824377346998,0.6736032995875515,,,,13.165573536134064,15.0,13.48312370239969,2019,8,51.30761,4.51984,,,,,,5,0,,,,
2019-09-01,,,,,,,,,,,,,,,,,,,,,,,,,,,,,,,,,,,,,,,,413.3248986103228,0.7058609861267342,,,,13.165573536134064,15.0,13.48312370239969,2019,9,51.30761,4.51984,,,,,,5,0,,,,
2019-10-01,,,,,,,,,,,,,,,,,,,,,,,,,,,,,,,,,,,,,,,,419.2882308146861,0.37561512618152193,,,,13.165573536134064,15.0,13.48312370239969,2019,10,51.30761,4.51984,,,,,,5,0,,,,
2019-11-01,,,,,,,,,,,,,,,,,,,,,,,,,,,,,,,,,,,,,,,,429.15697037697356,0.5065092533503511,,,,13.165573536134064,15.0,13.48312370239969,2019,11,51.30761,4.51984,,,,,,5,0,,,,
2019-12-01,,,,,,,,,,,,,,,,,,,,,,,,,,,,,,,,,,,,,,,,430.14682006825416,0.39178884203697695,,,,13.165573536134064,15.0,13.48312370239969,2019,12,51.30761,4.51984,,,,,,5,0,,,,
2020-01-01,,,,,,,,,,,,,,,,,,,,,,,,,,,,,,,,,,,,,,,,427.4590573885261,0.3405740643721949,,,,13.165573536134064,15.0,13.48312370239969,2020,1,51.30761,4.51984,,,,,,5,-2,,,,
2020-02-01,,,,,,,,,,,,,,,,,,,,,,,,,,,,,,,,,,,,,,,,421.59102003643386,0.3934856759460815,,,,13.165573536134064,15.0,13.48312370239969,2020,2,51.30761,4.51984,,,,,,5,-2,,,,
2020-03-01,,,,,,,,,,,,,,,,,,,,,,,,,,,,,,,,,,,,,,,,424.4282270418958,0.5709162917135358,,,,13.165573536134064,15.0,13.48312370239969,2020,3,51.30761,4.51984,,,,,,5,-2,,,,
2020-04-01,,,,,,,,,,,,,,,,,,,,,,,,,,,,,,,,,,,,,,,,430.27820970975023,0.652320959880015,,,,13.165573536134064,15.0,13.48312370239969,2020,4,51.30761,4.51984,,,,,,5,-2,,,,
2020-05-01,,,,,,,,,,,,,,,,,,,,,,,,,,,,,,,,,,,,,,,,425.8557932540177,0.7911457496384381,,,,13.165573536134064,15.0,13.48312370239969,2020,5,51.30761,4.51984,,,,,,5,-2,,,,
2020-06-01,,,,,,,,,,,,,,,,,,,,,,,,,,,,,,,,,,,,,,,,423.0503782953455,0.6229836895388076,,,,13.165573536134064,15.0,13.48312370239969,2020,6,51.30761,4.51984,,,,,,5,-2,,,,
2020-07-01,,,,,,,,,,,,,,,,,,,,,,,,,,,,,,,,,,,,,,,,416.5650005880097,0.6110676790401199,,,,13.165573536134064,15.0,13.48312370239969,2020,7,51.30761,4.51984,,,,,,5,-2,,,,
2020-08-01,,,,,,,,,,,,,,,,,,,,,,,,,,,,,,,,,,,,,,,,414.3077007598959,0.7099215065745736,,,,13.165573536134064,15.0,13.48312370239969,2020,8,51.30761,4.51984,,,,,,5,-2,,,,
2020-09-01,,,,,,,,,,,,,,,,,,,,,,,,,,,,,,,,,,,,,,,,421.36961782738916,0.7051781027371579,,,,13.165573536134064,15.0,13.48312370239969,2020,9,51.30761,4.51984,,,,,,5,-2,,,,
2020-10-01,,,,,,,,,,,,,,,,,,,,,,,,,,,,,,,,,,,,,,,,419.3467705589379,0.497739707011085,,,,13.165573536134064,15.0,13.48312370239969,2020,10,51.30761,4.51984,,,,,,5,-2,,,,
2020-11-01,,,,,,,,,,,,,,,,,,,,,,,,,,,,,,,,,,,,,,,,433.02959621790933,0.4777933001821813,,,,13.165573536134064,15.0,13.48312370239969,2020,11,51.30761,4.51984,,,,,,5,-2,,,,
2020-12-01,,,,,,,,,,,,,,,,,,,,,,,,,,,,,,,,,,,,,,,,428.8552360360947,0.2174278300356795,,,,13.165573536134064,15.0,13.48312370239969,2020,12,51.30761,4.51984,,,,,,5,-2,,,,
2021-01-01,,,,,,,,,,,,,,,,,,,,,,,,,,,,,,,,,,,,,,,,434.1335785538993,0.3016656639969978,,,,13.165573536134064,15.0,13.48312370239969,2021,1,51.30761,4.51984,,,,,,5,-2,,,,
2021-02-01,,,,,,,,,,,,,,,,,,,,,,,,,,,,,,,,,,,,,,,,432.40137837393553,0.34192741530884163,,,,13.165573536134064,15.0,13.48312370239969,2021,2,51.30761,4.51984,,,,,,5,-2,,,,
2021-03-01,,,,,,,,,,,,,,,,,,,,,,,,,,,,,,,,,,,,,,,,432.19838190111625,0.4958033370828646,,,,13.165573536134064,15.0,13.48312370239969,2021,3,51.30761,4.51984,,,,,,5,-2,,,,
2021-04-01,,,,,,,,,,,,,,,,,,,,,,,,,,,,,,,,,,,,,,,,434.7118142982626,0.5006009963040334,,,,13.165573536134064,15.0,13.48312370239969,2021,4,51.30761,4.51984,,,,,,5,-2,,,,
2021-05-01,,,,,,,,,,,,,,,,,,,,,,,,,,,,,,,,,,,,,,,,427.7082875813789,0.5457878702662167,,,,13.165573536134064,15.0,13.48312370239969,2021,5,51.30761,4.51984,,,,,,5,-2,,,,
2021-06-01,,,,,,,,,,,,,,,,,,,,,,,,,,,,,,,,,,,,,,,,426.9515638516797,0.6568475815523059,,,,13.165573536134064,15.0,13.48312370239969,2021,6,51.30761,4.51984,,,,,,5,-2,,,,
2021-07-01,,,,,,,,,,,,,,,,,,,,,,,,,,,,,,,,,,,,,,,,419.16327732708413,0.42159140821683,,,,13.165573536134064,15.0,13.48312370239969,2021,7,51.30761,4.51984,,,,,,5,-2,,,,
2021-08-01,,,,,,,,,,,,,,,,,,,,,,,,,,,,,,,,,,,,,,,,414.33648968691637,0.6099751593550806,,,,13.165573536134064,15.0,13.48312370239969,2021,8,51.30761,4.51984,,,,,,5,-2,,,,
2021-09-01,,,,,,,,,,,,,,,,,,,,,,,,,,,,,,,,,,,,,,,,424.47679607763564,0.5921494188226472,,,,13.165573536134064,15.0,13.48312370239969,2021,9,51.30761,4.51984,,,,,,5,-2,,,,
2021-10-01,,,,,,,,,,,,,,,,,,,,,,,,,,,,,,,,,,,,,,,,424.6626748427244,0.6808349383098012,,,,13.165573536134064,15.0,13.48312370239969,2021,10,51.30761,4.51984,,,,,,5,-2,,,,
2021-11-01,,,,,,,,,,,,,,,,,,,,,,,,,,,,,,,,,,,,,,,,435.2250077151214,0.44279873962986604,,,,13.165573536134064,15.0,13.48312370239969,2021,11,51.30761,4.51984,,,,,,5,-2,,,,
2021-12-01,,,,,,,,,,,,,,,,,,,,,,,,,,,,,,,,,,,,,,,,435.1052705169477,0.34632014271813166,,,,13.165573536134064,15.0,13.48312370239969,2021,12,51.30761,4.51984,,,,,,5,-2,,,,
2022-01-01,,,,,,,,,,,,,,,,,,,,,,,,,,,,,,,,,,,,,,,,440.7764743162376,0.30548170474353364,,,,13.165573536134064,15.0,13.48312370239969,2022,1,51.30761,4.51984,,,,,,5,-2,,,,
2022-02-01,,,,,,,,,,,,,,,,,,,,,,,,,,,,,,,,,,,,,,,,428.329076788277,0.5271388115869234,,,,13.165573536134064,15.0,13.48312370239969,2022,2,51.30761,4.51984,,,,,,5,-2,,,,
2022-03-01,,,,,,,,,,,,,,,,,,,,,,,,,,,,,,,,,,,,,,,,440.57179199469465,0.5363324896887889,,,,13.165573536134064,15.0,13.48312370239969,2022,3,51.30761,4.51984,,,,,,5,-2,,,,
2022-04-01,,,,,,,,,,,,,,,,,,,,,,,,,,,,,,,,,,,,,,,,432.4195376748097,0.6391169853768279,,,,13.165573536134064,15.0,13.48312370239969,2022,4,51.30761,4.51984,,,,,,5,-2,,,,
2022-05-01,,,,,,,,,,,,,,,,,,,,,,,,,,,,,,,,,,,,,,,,432.2936596732864,0.734846269216348,,,,13.165573536134064,15.0,13.48312370239969,2022,5,51.30761,4.51984,,,,,,5,-2,,,,
2022-06-01,,,,,,,,,,,,,,,,,,,,,,,,,,,,,,,,,,,,,,,,430.53750503317667,0.7410784589426322,,,,13.165573536134064,15.0,13.48312370239969,2022,6,51.30761,4.51984,,,,,,5,-2,,,,
2022-07-01,,,,,,,,,,,,,,,,,,,,,,,,,,,,,,,,,,,,,,,,424.6658492246802,0.7404917242487546,,,,13.165573536134064,15.0,13.48312370239969,2022,7,51.30761,4.51984,,,,,,5,-2,,,,
2022-08-01,,,,,,,,,,,,,,,,,,,,,,,,,,,,,,,,,,,,,,,,420.6749496311243,0.7299807836520436,,,,13.165573536134064,15.0,13.48312370239969,2022,8,51.30761,4.51984,,,,,,5,-2,,,,
2022-09-01,,,,,,,,,,,,,,,,,,,,,,,,,,,,,,,,,,,,,,,,421.5876271198692,0.669769403824522,,,,13.165573536134064,15.0,13.48312370239969,2022,9,51.30761,4.51984,,,,,,5,-2,,,,
2022-10-01,,,,,,,,,,,,,,,,,,,,,,,,,,,,,,,,,,,,,,,,428.6292146800186,0.7424858232063686,,,,13.165573536134064,15.0,13.48312370239969,2022,10,51.30761,4.51984,,,,,,5,-2,,,,
2022-11-01,,,,,,,,,,,,,,,,,,,,,,,,,,,,,,,,,,,,,,,,434.1147959778468,0.48885449904275696,,,,13.165573536134064,15.0,13.48312370239969,2022,11,51.30761,4.51984,,,,,,5,-2,,,,
2022-12-01,,,,,,,,,,,,,,,,,,,,,,,,,,,,,,,,,,,,,,,,439.2360780208102,0.33640853065196236,,,,13.165573536134064,15.0,13.48312370239969,2022,12,51.30761,4.51984,,,,,,5,-2,,,,
2023-01-01,,,,,,,,,,,,,,,,,,,,,,,,,,,,,,,,,,,,,,,,433.11934443001667,0.36023655621404904,,,,13.165573536134064,15.0,13.48312370239969,2023,1,51.30761,4.51984,,,,,,5,3,,,,
2023-02-01,,,,,,,,,,,,,,,,,,,,,,,,,,,,,,,,,,,,,,,,438.4614633012379,0.37831947213408423,,,,13.165573536134064,15.0,13.48312370239969,2023,2,51.30761,4.51984,,,,,,5,3,,,,
2023-03-01,,,,,,,,,,,,,,,,,,,,,,,,,,,,,,,,,,,,,,,,430.9027202188741,0.3078107424071991,,,,13.165573536134064,15.0,13.48312370239969,2023,3,51.30761,4.51984,,,,,,5,3,,,,
2023-04-01,,,,,,,,,,,,,,,,,,,,,,,,,,,,,,,,,,,,,,,,434.04663166058765,0.5037714928491082,,,,13.165573536134064,15.0,13.48312370239969,2023,4,51.30761,4.51984,,,,,,5,3,,,,
2023-05-01,,,,,,,,,,,,,,,,,,,,,,,,,,,,,,,,,,,,,,,,430.92449793212364,0.5848003374578178,,,,13.165573536134064,15.0,13.48312370239969,2023,5,51.30761,4.51984,,,,,,5,3,,,,
2023-06-01,,,,,,,,,,,,,,,,,,,,,,,,,,,,,,,,,,,,,,,,,0.7350651481064867,,,,13.165573536134064,15.0,13.48312370239969,2023,6,51.30761,4.51984,,,,,,5,3,,,,
2023-07-01,,,,,,,,,,,,,,,,,,,,,,,,,,,,,,,,,,,,,,,,,0.6819920724195191,,,,13.165573536134064,15.0,13.48312370239969,2023,7,51.30761,4.51984,,,,,,5,3,,,,
2023-08-01,,,,,,,,,,,,,,,,,,,,,,,,,,,,,,,,,,,,,,,,,0.598711567304087,,,,13.165573536134064,15.0,13.48312370239969,2023,8,51.30761,4.51984,,,,,,5,3,,,,
2023-09-01,,,,,,,,,,,,,,,,,,,,,,,,,,,,,,,,,,,,,,,,,0.7240569928758905,,,,13.165573536134064,15.0,13.48312370239969,2023,9,51.30761,4.51984,,,,,,5,3,,,,
2023-10-01,,,,,,,,,,,,,,,,,,,,,,,,,,,,,,,,,,,,,,,,,0.5287103319738419,,,,13.165573536134064,15.0,13.48312370239969,2023,10,51.30761,4.51984,,,,,,5,3,,,,
2023-11-01,,,,,,,,,,,,,,,,,,,,,,,,,,,,,,,,,,,,,,,,,0.38233806636885775,,,,13.165573536134064,15.0,13.48312370239969,2023,11,51.30761,4.51984,,,,,,5,3,,,,
2023-12-01,,,,,,,,,,,,,,,,,,,,,,,,,,,,,,,,,,,,,,,,,0.22914490755757377,,,,13.165573536134064,15.0,13.48312370239969,2023,12,51.30761,4.51984,,,,,,5,3,,,,
